fullname2,filename,origin
(주)RKM Tech 포스파민,100011001,(주)RKM Tech_포스파민_1.jpeg
(주)RKM Tech 포스파민,100011002,(주)RKM Tech_포스파민_2.jpeg
(주)RKM Tech 포스파민,100011003,(주)RKM Tech_포스파민_3.jpeg
(주)RKM Tech 포스파민,100011004,(주)RKM Tech_포스파민_4.jpeg
(주)RKM Tech 포스파민,100011005,(주)RKM Tech_포스파민_5.jpeg
(주)RKM Tech 포스파민,100011006,(주)RKM Tech_포스파민_6.jpeg
(주)RKM Tech 포스파민,100011007,(주)RKM Tech_포스파민_7.jpeg
(주)RKM Tech 포스파민,100011008,(주)RKM Tech_포스파민_8.jpeg
(주)네이처생명과학 프리미엄 프로바이오틱스 레이디,100021001,(주)네이처생명과학_프리미엄 프로바이오틱스 레이디_1.jpeg
(주)네이처생명과학 프리미엄 프로바이오틱스 레이디,100021002,(주)네이처생명과학_프리미엄 프로바이오틱스 레이디_2.jpeg
(주)대창농산 김밥우엉,100031001,(주)대창농산_김밥우엉_1.jpeg
(주)대창농산 김밥우엉,100031002,(주)대창농산_김밥우엉_2.jpeg
(주)대창농산 김밥우엉,100031003,(주)대창농산_김밥우엉_3.jpg
(주)대창농산 김밥우엉,100031004,(주)대창농산_김밥우엉_4.jpeg
(주)대창농산 김밥우엉,100031005,(주)대창농산_김밥우엉_5.jpeg
(주)두니아 냉동화살오징어,100041001,(주)두니아_냉동화살오징어_1.jpeg
(주)두니아 냉동화살오징어,100041002,(주)두니아_냉동화살오징어_2.jpeg
(주)바르미식품 강황가루,100051001,(주)바르미식품_강황가루_1.jpeg
(주)바르미식품 강황가루,100051002,(주)바르미식품_강황가루_2.jpeg
(주)바르미식품 계피가루(시나몬가루),100061001,(주)바르미식품_계피가루(시나몬가루)_1.jpeg
(주)바르미식품 계피가루(시나몬가루),100061002,(주)바르미식품_계피가루(시나몬가루)_2.jpeg
(주)성신푸드 왕로지,100071001,(주)성신푸드_왕로지_1.jpeg
(주)성신푸드 왕로지,100071002,(주)성신푸드_왕로지_2.jpeg
(주)성신푸드 왕로지,100071003,(주)성신푸드_왕로지_3.jpeg
(주)승명 슈퍼옥타칸,100081001,(주)승명_슈퍼옥타칸_1.jpeg
(주)승명 슈퍼옥타칸,100081002,(주)승명_슈퍼옥타칸_2.jpeg
(주)승명 슈퍼옥타칸,100081003,(주)승명_슈퍼옥타칸_3.jpeg
(주)승명 슈퍼옥타칸,100081003,(주)승명_슈퍼옥타칸_3.jpg
(주)승명 슈퍼옥타칸,100081004,(주)승명_슈퍼옥타칸_4.jpg
(주)승명 슈퍼옥타칸,100081005,(주)승명_슈퍼옥타칸_5.jpg
(주)승명 슈퍼옥타칸,100081006,(주)승명_슈퍼옥타칸_6.jpg
(주)에스엠홀푸드 더 베스트 유산균,100091001,(주)에스엠홀푸드_더 베스트 유산균_1.jpeg
(주)에스엠홀푸드 더 베스트 유산균,100091002,(주)에스엠홀푸드_더 베스트 유산균_2.jpeg
(주)에스엠홀푸드 더 베스트 유산균,100091003,(주)에스엠홀푸드_더 베스트 유산균_3.jpeg
(주)에스엠홀푸드 더 베스트 유산균,100091004,(주)에스엠홀푸드_더 베스트 유산균_4.jpeg
(주)에스엠홀푸드 더 베스트 유산균,100091005,(주)에스엠홀푸드_더 베스트 유산균_5.jpeg
(주)에스엠홀푸드 더 베스트 유산균,100091006,(주)에스엠홀푸드_더 베스트 유산균_6.jpeg
(주)에스엠홀푸드 트리플 피 프로바이오틱스,100101001,(주)에스엠홀푸드_트리플 피 프로바이오틱스_1.jpeg
(주)에스엠홀푸드 트리플 피 프로바이오틱스,100101002,(주)에스엠홀푸드_트리플 피 프로바이오틱스_2.jpeg
(주)에스엠홀푸드 트리플 피 프로바이오틱스,100101003,(주)에스엠홀푸드_트리플 피 프로바이오틱스_3.jpeg
(주)에스엠홀푸드 트리플 피 프로바이오틱스,100101004,(주)에스엠홀푸드_트리플 피 프로바이오틱스_4.png
(주)에이치비플러스 냉동다진마늘,100111001,(주)에이치비플러스_냉동다진마늘_1.jpeg
(주)에이치비플러스 냉동다진마늘,100111002,(주)에이치비플러스_냉동다진마늘_2.jpeg
(주)에이치비플러스 냉동다진마늘,100111003,(주)에이치비플러스_냉동다진마늘_3.jpeg
(주)엘카라 락토 프로바이오틱스,100121001,(주)엘카라_락토 프로바이오틱스_1.jpeg
(주)엘카라 락토 프로바이오틱스,100121002,(주)엘카라_락토 프로바이오틱스_2.jpeg
(주)엘카라 락토 프로바이오틱스,100121003,(주)엘카라_락토 프로바이오틱스_3.jpeg
(주)엘카라 락토 프로바이오틱스,100121004,(주)엘카라_락토 프로바이오틱스_4.jpg
(주)엠에이치코리아 마하캔디,100131001,(주)엠에이치코리아_마하캔디_1.jpeg
(주)엠에이치코리아 마하캔디,100131002,(주)엠에이치코리아_마하캔디_2.jpg
(주)엠에이치코리아 마하캔디,100131003,(주)엠에이치코리아_마하캔디_3.jpeg
(주)엠에이치코리아 마하캔디,100131004,(주)엠에이치코리아_마하캔디_4.jpeg
(주)엠에이치코리아 마하캔디,100131005,(주)엠에이치코리아_마하캔디_5.jpeg
(주)엠에이치코리아 마하캔디,100131006,(주)엠에이치코리아_마하캔디_6.jpg
(주)이마트 얼그레이 홍차,100141001,(주)이마트_얼그레이 홍차_1.jpeg
(주)이마트 얼그레이 홍차,100141002,(주)이마트_얼그레이 홍차_2.jpeg
(주)이마트 얼그레이 홍차,100141003,(주)이마트_얼그레이 홍차_3.jpeg
(주)자이언트케미칼 석유왁스,100151001,(주)자이언트케미칼_석유왁스_1.jpeg
(주)자이언트케미칼 석유왁스,100151002,(주)자이언트케미칼_석유왁스_2.jpeg
(주)자이언트케미칼 솔검,100161001,(주)자이언트케미칼_솔검_1.jpeg
(주)자이언트케미칼 시워드솔,100171001,(주)자이언트케미칼_시워드솔_1.jpeg
(주)자이언트케미칼 시워드솔,100171002,(주)자이언트케미칼_시워드솔_2.jpeg
(주)자이언트케미칼 시워드솔,100171003,(주)자이언트케미칼_시워드솔_3.jpeg
(주)자이언트케미칼 자이언트왁스,100181001,(주)자이언트케미칼_자이언트왁스_1.jpeg
(주)자이언트케미칼 자이언트왁스,100181002,(주)자이언트케미칼_자이언트왁스_2.jpeg
(주)제이엔제이트레이드(J&J Trade Co. Ltd.) 코코엘 오가닉 엑스트라 버진 코코넛오일,100191001,(주)제이엔제이트레이드(J&J Trade Co. Ltd.)_코코엘 오가닉 엑스트라 버진 코코넛오일_1.jpeg
(주)제이엔제이트레이드(J&J Trade Co. Ltd.) 코코엘 오가닉 엑스트라 버진 코코넛오일,100191002,(주)제이엔제이트레이드(J&J Trade Co. Ltd.)_코코엘 오가닉 엑스트라 버진 코코넛오일_2.jpeg
(주)제이엔제이트레이드(J&J Trade Co. Ltd.) 코코엘 오가닉 엑스트라 버진 코코넛오일,100191003,(주)제이엔제이트레이드(J&J Trade Co. Ltd.)_코코엘 오가닉 엑스트라 버진 코코넛오일_3.jpeg
(주)제이엔제이트레이드(J&J Trade Co. Ltd.) 코코엘 오가닉 엑스트라 버진 코코넛오일,100191004,(주)제이엔제이트레이드(J&J Trade Co. Ltd.)_코코엘 오가닉 엑스트라 버진 코코넛오일_4.jpeg
(주)진성푸드 본래 찰순대,100201001,(주)진성푸드_본래 찰순대_1.jpeg
(주)채운베스텍 ICE CREAM MAKING MACHINE,100211001,(주)채운베스텍_ICE CREAM MAKING MACHINE_1.jpeg
(주)채운베스텍 ICE CREAM MAKING MACHINE,100211002,(주)채운베스텍_ICE CREAM MAKING MACHINE_2.jpeg
"(주)채운베스텍 제빙기(ICE MAKER, ICE CUBER)",100221001,"(주)채운베스텍_제빙기(ICE MAKER, ICE CUBER)_1.jpeg"
"(주)채운베스텍 제빙기(ICE MAKER, ICE CUBER)",100221002,"(주)채운베스텍_제빙기(ICE MAKER, ICE CUBER)_2.jpeg"
"(주)채운베스텍 제빙기(ICE MAKER, ICE CUBER)",100221003,"(주)채운베스텍_제빙기(ICE MAKER, ICE CUBER)_3.jpeg"
"(주)채운베스텍 제빙기(ICE MAKER, ICE CUBER)",100221004,"(주)채운베스텍_제빙기(ICE MAKER, ICE CUBER)_4.jpeg"
"(주)채운베스텍 제빙기(ICE MAKER, ICE CUBER)",100221005,"(주)채운베스텍_제빙기(ICE MAKER, ICE CUBER)_5.jpeg"
"(주)채운베스텍 제빙기(ICE MAKER, ICE CUBER)",100221006,"(주)채운베스텍_제빙기(ICE MAKER, ICE CUBER)_6.jpeg"
(주)청은에프엔비 계피가루,100231001,(주)청은에프엔비_계피가루_1.jpeg
(주)청은에프엔비 계피가루,100231002,(주)청은에프엔비_계피가루_2.jpeg
(주)청은에프엔비 계피가루,100231003,(주)청은에프엔비_계피가루_3.jpeg
(주)청은에프엔비 볶음콩가루,100241001,(주)청은에프엔비_볶음콩가루_1.jpeg
(주)청은에프엔비 볶음콩가루,100241002,(주)청은에프엔비_볶음콩가루_2.jpeg
(주)청은에프엔비 볶음콩가루,100241003,(주)청은에프엔비_볶음콩가루_3.jpeg
(주)탑헬스 비포락토 프로바이오타민,100251001,(주)탑헬스_비포락토 프로바이오타민_1.jpeg
(주)탑헬스 비포락토 프로바이오타민,100251002,(주)탑헬스_비포락토 프로바이오타민_2.jpeg
(주)탑헬스 비포락토 프로바이오타민,100251003,(주)탑헬스_비포락토 프로바이오타민_3.jpg
(주)탑헬스 비포락토 프로바이오타민,100251004,(주)탑헬스_비포락토 프로바이오타민_4.jpg
(주)파마택코리아 파마젠 유산균의 아침 더파이브V,100261001,(주)파마택코리아_파마젠 유산균의 아침 더파이브V_1.jpeg
(주)파마택코리아 파마젠 유산균의 아침 더파이브V,100261002,(주)파마택코리아_파마젠 유산균의 아침 더파이브V_2.jpeg
(주)파마택코리아 파마젠 유산균의 아침 더파이브V,100261003,(주)파마택코리아_파마젠 유산균의 아침 더파이브V_3.jpeg
(주)파마택코리아 파마젠 유산균의 아침 더파이브V,100261004,(주)파마택코리아_파마젠 유산균의 아침 더파이브V_4.jpeg
(주)파마택코리아 파마젠 유산균의 아침 더파이브V,100261005,(주)파마택코리아_파마젠 유산균의 아침 더파이브V_5.jpeg
(주)파마택코리아 파마젠 유산균의 아침 더파이브V,100261006,(주)파마택코리아_파마젠 유산균의 아침 더파이브V_6.jpeg
(주)하이웰코리아 프리미엄 빌베리 아이케어,100271001,(주)하이웰코리아_프리미엄 빌베리 아이케어_1.jpeg
(주)하이웰코리아 프리미엄 빌베리 아이케어,100271002,(주)하이웰코리아_프리미엄 빌베리 아이케어_2.jpeg
(주)하이웰코리아 프리미엄 빌베리 아이케어,100271003,(주)하이웰코리아_프리미엄 빌베리 아이케어_3.jpeg
(주)하이웰코리아 프리미엄 빌베리 아이케어,100271004,(주)하이웰코리아_프리미엄 빌베리 아이케어_4.jpeg
(주)하이웰코리아 프리미엄 빌베리 아이케어,100271005,(주)하이웰코리아_프리미엄 빌베리 아이케어_5.jpg
(주)한국씨엔에스팜 쇼킹 다이어트,100281001,(주)한국씨엔에스팜_쇼킹 다이어트_1.jpeg
(주)한국씨엔에스팜 쇼킹 다이어트,100281002,(주)한국씨엔에스팜_쇼킹 다이어트_2.jpeg
(주)헬스메디 센트라징코 플러스,100291001,(주)헬스메디_센트라징코 플러스_1.jpeg
(주)헬스메디 센트라징코 플러스,100291002,(주)헬스메디_센트라징코 플러스_2.jpeg
(주)헬스메디 센트라징코 플러스,100291003,(주)헬스메디_센트라징코 플러스_3.jpeg
4월17일 시래기들깨국(냉동),100301001,4월17일_시래기들깨국(냉동)_1.jpg
가온식품 짜,100311001,가온식품_짜_1.jpg
경주한우영농법인 풍월 곰탕,100321001,경주한우영농법인_풍월 곰탕_1.jpeg
고도리 와이너리 고도리 스파클링 와인,100331001,고도리 와이너리_고도리 스파클링 와인_1.jpeg
고도리 와이너리 고도리 스파클링 와인,100331002,고도리 와이너리_고도리 스파클링 와인_2.jpeg
고도리 와이너리 고도리 스파클링 와인,100331003,고도리 와이너리_고도리 스파클링 와인_3.jpg
고도리 와이너리 고도리 스파클링 와인,100331004,고도리 와이너리_고도리 스파클링 와인_4.jpeg
고도리 와이너리 고도리 스파클링 와인,100331005,고도리 와이너리_고도리 스파클링 와인_5.jpeg
굿데이 진안홍삼,100341001,굿데이_진안홍삼_1.jpeg
굿데이 진안홍삼,100341002,굿데이_진안홍삼_2.jpeg
굿데이 진안홍삼,100341003,굿데이_진안홍삼_3.jpeg
굿데이 진안홍삼,100341004,굿데이_진안홍삼_4.jpeg
극동에치팜(주) 카브씬-엘,100351001,극동에치팜(주)_카브씬-엘_1.jpeg
극동에치팜(주) 카브씬-엘,100351002,극동에치팜(주)_카브씬-엘_2.jpeg
극동에치팜(주) 카브씬-엘,100351003,극동에치팜(주)_카브씬-엘_3.jpeg
금보종합식품 분말엿기름,100361001,금보종합식품_분말엿기름_1.jpg
금보종합식품 분말엿기름,100361002,금보종합식품_분말엿기름_2.jpg
금보종합식품 분말엿기름,100361003,금보종합식품_분말엿기름_3.jpg
금산인삼협동조합 리얼진홍삼액,100371001,금산인삼협동조합_리얼진홍삼액_1.jpg
금산인삼협동조합 리얼진홍삼액,100371010,금산인삼협동조합_리얼진홍삼액_10.jpg
금산인삼협동조합 리얼진홍삼액,100371002,금산인삼협동조합_리얼진홍삼액_2.jpg
금산인삼협동조합 리얼진홍삼액,100371003,금산인삼협동조합_리얼진홍삼액_3.jpg
금산인삼협동조합 리얼진홍삼액,100371004,금산인삼협동조합_리얼진홍삼액_4.jpg
금산인삼협동조합 리얼진홍삼액,100371005,금산인삼협동조합_리얼진홍삼액_5.jpg
금산인삼협동조합 리얼진홍삼액,100371006,금산인삼협동조합_리얼진홍삼액_6.jpg
금산인삼협동조합 리얼진홍삼액,100371007,금산인삼협동조합_리얼진홍삼액_7.jpg
금산인삼협동조합 리얼진홍삼액,100371008,금산인삼협동조합_리얼진홍삼액_8.jpg
금산인삼협동조합 리얼진홍삼액,100371009,금산인삼협동조합_리얼진홍삼액_9.jpg
금산홍삼 대현이네홍삼액,100381001,금산홍삼_대현이네홍삼액_1.jpg
기린농협가공사업소 황옥수수가루,100391001,기린농협가공사업소_황옥수수가루_1.jpg
기린농협가공사업소 황옥수수가루,100391002,기린농협가공사업소_황옥수수가루_2.jpg
기린농협가공사업소 황옥수수가루,100391003,기린농협가공사업소_황옥수수가루_3.jpg
기린농협가공사업소 황옥수수가루,100391004,기린농협가공사업소_황옥수수가루_4.jpg
기린농협가공사업소 황옥수수가루,100391005,기린농협가공사업소_황옥수수가루_5.jpg
기린농협가공사업소 황옥수수가루,100391006,기린농협가공사업소_황옥수수가루_6.jpg
기린농협가공사업소 황옥수수가루,100391007,기린농협가공사업소_황옥수수가루_7.jpg
김포맥아식품 새싹보리분말,100401001,김포맥아식품_새싹보리분말_1.jpeg
김포맥아식품 새싹보리분말,100401002,김포맥아식품_새싹보리분말_2.jpeg
남미SNF(주) 훈제연어슬라이스,100411001,남미SNF(주)_훈제연어슬라이스_1.jpeg
남미SNF(주) 훈제연어슬라이스,100411002,남미SNF(주)_훈제연어슬라이스_2.jpeg
남미SNF(주) 훈제연어슬라이스,100411003,남미SNF(주)_훈제연어슬라이스_3.jpeg
남미SNF(주) 훈제연어슬라이스,100411004,남미SNF(주)_훈제연어슬라이스_4.jpeg
남영상사 코나로드더치커피(커피의눈물),100421001,남영상사_코나로드더치커피(커피의눈물)_1.jpg
남영상사 코나로드더치커피(커피의눈물),100421010,남영상사_코나로드더치커피(커피의눈물)_10.jpg
남영상사 코나로드더치커피(커피의눈물),100421002,남영상사_코나로드더치커피(커피의눈물)_2.jpg
남영상사 코나로드더치커피(커피의눈물),100421003,남영상사_코나로드더치커피(커피의눈물)_3.jpg
남영상사 코나로드더치커피(커피의눈물),100421004,남영상사_코나로드더치커피(커피의눈물)_4.jpg
남영상사 코나로드더치커피(커피의눈물),100421005,남영상사_코나로드더치커피(커피의눈물)_5.jpg
남영상사 코나로드더치커피(커피의눈물),100421006,남영상사_코나로드더치커피(커피의눈물)_6.jpg
남영상사 코나로드더치커피(커피의눈물),100421007,남영상사_코나로드더치커피(커피의눈물)_7.jpg
남영상사 코나로드더치커피(커피의눈물),100421008,남영상사_코나로드더치커피(커피의눈물)_8.jpg
남영상사 코나로드더치커피(커피의눈물),100421009,남영상사_코나로드더치커피(커피의눈물)_9.jpg
네오팜 에버봄 에스,100431001,네오팜_에버봄 에스_1.jpeg
네오팜 에버봄 에스,100431002,네오팜_에버봄 에스_2.jpeg
네오팜 에버봄 에스,100431003,네오팜_에버봄 에스_3.jpeg
넥스트바이오주식회사 폴바셋콜드브루아메리카노,100441001,넥스트바이오주식회사_폴바셋콜드브루아메리카노_1.jpg
넥스트바이오주식회사 폴바셋콜드브루아메리카노,100441010,넥스트바이오주식회사_폴바셋콜드브루아메리카노_10.jpg
넥스트바이오주식회사 폴바셋콜드브루아메리카노,100441002,넥스트바이오주식회사_폴바셋콜드브루아메리카노_2.jpg
넥스트바이오주식회사 폴바셋콜드브루아메리카노,100441003,넥스트바이오주식회사_폴바셋콜드브루아메리카노_3.jpg
넥스트바이오주식회사 폴바셋콜드브루아메리카노,100441004,넥스트바이오주식회사_폴바셋콜드브루아메리카노_4.jpg
넥스트바이오주식회사 폴바셋콜드브루아메리카노,100441005,넥스트바이오주식회사_폴바셋콜드브루아메리카노_5.jpg
넥스트바이오주식회사 폴바셋콜드브루아메리카노,100441006,넥스트바이오주식회사_폴바셋콜드브루아메리카노_6.jpg
넥스트바이오주식회사 폴바셋콜드브루아메리카노,100441007,넥스트바이오주식회사_폴바셋콜드브루아메리카노_7.jpg
넥스트바이오주식회사 폴바셋콜드브루아메리카노,100441008,넥스트바이오주식회사_폴바셋콜드브루아메리카노_8.jpg
넥스트바이오주식회사 폴바셋콜드브루아메리카노,100441009,넥스트바이오주식회사_폴바셋콜드브루아메리카노_9.jpg
농업회사법인 설성식품 주식회사 무항생제 한우다짐육 2단계,100451001,농업회사법인 설성식품 주식회사_무항생제 한우다짐육 2단계_1.jpeg
농업회사법인 설성식품 주식회사 무항생제 한우다짐육 2단계,100451002,농업회사법인 설성식품 주식회사_무항생제 한우다짐육 2단계_2.jpeg
농업회사법인(주)제주향 제주한라봉아직도까서먹니,100461001,농업회사법인(주)제주향_제주한라봉아직도까서먹니_1.jpeg
농업회사법인(주)제주향 제주한라봉아직도까서먹니,100461002,농업회사법인(주)제주향_제주한라봉아직도까서먹니_2.jpeg
농업회사법인(주)제주향 제주한라봉아직도까서먹니,100461003,농업회사법인(주)제주향_제주한라봉아직도까서먹니_3.jpeg
농업회사법인(주)제주향 제주한라봉아직도까서먹니,100461006,농업회사법인(주)제주향_제주한라봉아직도까서먹니_6.png
농업회사법인녹색식품주식회사 녹색사랑야채수,100471001,농업회사법인녹색식품주식회사_녹색사랑야채수_1.jpg
농업회사법인녹색식품주식회사 녹색사랑야채수,100471010,농업회사법인녹색식품주식회사_녹색사랑야채수_10.jpg
농업회사법인녹색식품주식회사 녹색사랑야채수,100471002,농업회사법인녹색식품주식회사_녹색사랑야채수_2.jpg
농업회사법인녹색식품주식회사 녹색사랑야채수,100471003,농업회사법인녹색식품주식회사_녹색사랑야채수_3.jpg
농업회사법인녹색식품주식회사 녹색사랑야채수,100471004,농업회사법인녹색식품주식회사_녹색사랑야채수_4.jpg
농업회사법인녹색식품주식회사 녹색사랑야채수,100471005,농업회사법인녹색식품주식회사_녹색사랑야채수_5.jpg
농업회사법인녹색식품주식회사 녹색사랑야채수,100471006,농업회사법인녹색식품주식회사_녹색사랑야채수_6.jpg
농업회사법인녹색식품주식회사 녹색사랑야채수,100471007,농업회사법인녹색식품주식회사_녹색사랑야채수_7.jpg
농업회사법인녹색식품주식회사 녹색사랑야채수,100471007,농업회사법인녹색식품주식회사_녹색사랑야채수_7.png
농업회사법인녹색식품주식회사 녹색사랑야채수,100471008,농업회사법인녹색식품주식회사_녹색사랑야채수_8.jpg
농업회사법인녹색식품주식회사 녹색사랑야채수,100471009,농업회사법인녹색식품주식회사_녹색사랑야채수_9.jpg
농업회사법인싱그람주식회사 반찬애양념깻잎,100481001,농업회사법인싱그람주식회사_반찬애양념깻잎_1.jpg
농업회사법인싱그람주식회사 반찬애양념깻잎,100481002,농업회사법인싱그람주식회사_반찬애양념깻잎_2.jpg
농업회사법인싱그람주식회사 반찬애연근조림,100491001,농업회사법인싱그람주식회사_반찬애연근조림_1.jpg
농업회사법인조인주식회사맹동지점 조인전란,100501001,농업회사법인조인주식회사맹동지점_조인전란_1.jpg
농업회사법인주식회사코리아식품 퍼스트황닭,100511001,농업회사법인주식회사코리아식품_퍼스트황닭_1.jpg
농업회사법인주식회사코리아식품 퍼스트황닭,100511002,농업회사법인주식회사코리아식품_퍼스트황닭_2.jpg
농업회사법인주식회사코리아식품 퍼스트황닭,100511003,농업회사법인주식회사코리아식품_퍼스트황닭_3.jpg
농업회사법인주식회사코리아식품 퍼스트황닭,100511004,농업회사법인주식회사코리아식품_퍼스트황닭_4.jpg
대경무역 냉동번데기,100521001,대경무역_냉동번데기_1.jpeg
대경무역 냉동번데기,100521002,대경무역_냉동번데기_2.jpeg
대경무역 냉동번데기,100521003,대경무역_냉동번데기_3.jpeg
대경무역 냉동번데기,100521004,대경무역_냉동번데기_4.jpeg
대경무역 냉동번데기,100521005,대경무역_냉동번데기_5.jpeg
대주푸드 돈까스소스,100531001,대주푸드_돈까스소스_1.jpg
대주푸드 돈까스소스,100531002,대주푸드_돈까스소스_2.jpg
대주푸드 돈까스소스,100531003,대주푸드_돈까스소스_3.jpg
대주푸드 돈까스소스,100531004,대주푸드_돈까스소스_4.jpg
대주푸드 돈까스소스,100531005,대주푸드_돈까스소스_5.jpg
더블에이치 노니열매환,100541001,더블에이치_노니열매환_1.jpeg
더블에이치 노니열매환,100541002,더블에이치_노니열매환_2.jpeg
더블에이치 노니열매환,100541003,더블에이치_노니열매환_3.jpeg
더블에이치 엉겅퀴민들레환,100551001,더블에이치_엉겅퀴민들레환_1.jpeg
더블에이치 엉겅퀴민들레환,100551002,더블에이치_엉겅퀴민들레환_2.jpeg
동원디어푸드주식회사가산공장 비지찌개,100561001,동원디어푸드주식회사가산공장_비지찌개_1.jpg
동원디어푸드주식회사가산공장 비지찌개,100561002,동원디어푸드주식회사가산공장_비지찌개_2.jpg
동원디어푸드주식회사가산공장 비지찌개,100561003,동원디어푸드주식회사가산공장_비지찌개_3.jpg
동원디어푸드주식회사가산공장 비지찌개,100561004,동원디어푸드주식회사가산공장_비지찌개_4.jpg
동원디어푸드주식회사가산공장 비지찌개,100561005,동원디어푸드주식회사가산공장_비지찌개_5.jpg
동원디어푸드주식회사가산공장 비지찌개,100561006,동원디어푸드주식회사가산공장_비지찌개_6.jpg
동원디어푸드주식회사가산공장 비지찌개,100561007,동원디어푸드주식회사가산공장_비지찌개_7.jpg
동원디어푸드주식회사가산공장 비지찌개,100561008,동원디어푸드주식회사가산공장_비지찌개_8.jpg
멀티박코리아(주) PACKAGING FILM,100571001,멀티박코리아(주)_PACKAGING FILM_1.jpeg
멀티박코리아(주) PACKAGING FILM,100571002,멀티박코리아(주)_PACKAGING FILM_2.jpeg
멜라루카인터내셔날코리아주식회사 픽퍼포먼스팩50+,100581001,멜라루카인터내셔날코리아주식회사_픽퍼포먼스팩50+_1.jpg
멜라루카인터내셔날코리아주식회사 픽퍼포먼스팩50+,100581010,멜라루카인터내셔날코리아주식회사_픽퍼포먼스팩50+_10.jpg
멜라루카인터내셔날코리아주식회사 픽퍼포먼스팩50+,100581002,멜라루카인터내셔날코리아주식회사_픽퍼포먼스팩50+_2.jpg
멜라루카인터내셔날코리아주식회사 픽퍼포먼스팩50+,100581003,멜라루카인터내셔날코리아주식회사_픽퍼포먼스팩50+_3.jpg
멜라루카인터내셔날코리아주식회사 픽퍼포먼스팩50+,100581004,멜라루카인터내셔날코리아주식회사_픽퍼포먼스팩50+_4.jpg
멜라루카인터내셔날코리아주식회사 픽퍼포먼스팩50+,100581005,멜라루카인터내셔날코리아주식회사_픽퍼포먼스팩50+_5.jpg
멜라루카인터내셔날코리아주식회사 픽퍼포먼스팩50+,100581006,멜라루카인터내셔날코리아주식회사_픽퍼포먼스팩50+_6.jpg
멜라루카인터내셔날코리아주식회사 픽퍼포먼스팩50+,100581007,멜라루카인터내셔날코리아주식회사_픽퍼포먼스팩50+_7.jpg
멜라루카인터내셔날코리아주식회사 픽퍼포먼스팩50+,100581008,멜라루카인터내셔날코리아주식회사_픽퍼포먼스팩50+_8.jpg
멜라루카인터내셔날코리아주식회사 픽퍼포먼스팩50+,100581009,멜라루카인터내셔날코리아주식회사_픽퍼포먼스팩50+_9.jpg
멜라루카인터내셔날코리아주식회사 픽퍼포먼스팩맨,100591001,멜라루카인터내셔날코리아주식회사_픽퍼포먼스팩맨_1.jpg
멜라루카인터내셔날코리아주식회사 픽퍼포먼스팩맨,100591010,멜라루카인터내셔날코리아주식회사_픽퍼포먼스팩맨_10.jpg
멜라루카인터내셔날코리아주식회사 픽퍼포먼스팩맨,100591002,멜라루카인터내셔날코리아주식회사_픽퍼포먼스팩맨_2.jpg
멜라루카인터내셔날코리아주식회사 픽퍼포먼스팩맨,100591003,멜라루카인터내셔날코리아주식회사_픽퍼포먼스팩맨_3.jpg
멜라루카인터내셔날코리아주식회사 픽퍼포먼스팩맨,100591004,멜라루카인터내셔날코리아주식회사_픽퍼포먼스팩맨_4.jpg
멜라루카인터내셔날코리아주식회사 픽퍼포먼스팩맨,100591005,멜라루카인터내셔날코리아주식회사_픽퍼포먼스팩맨_5.jpg
멜라루카인터내셔날코리아주식회사 픽퍼포먼스팩맨,100591006,멜라루카인터내셔날코리아주식회사_픽퍼포먼스팩맨_6.jpg
멜라루카인터내셔날코리아주식회사 픽퍼포먼스팩맨,100591007,멜라루카인터내셔날코리아주식회사_픽퍼포먼스팩맨_7.jpg
멜라루카인터내셔날코리아주식회사 픽퍼포먼스팩맨,100591008,멜라루카인터내셔날코리아주식회사_픽퍼포먼스팩맨_8.jpg
멜라루카인터내셔날코리아주식회사 픽퍼포먼스팩맨,100591009,멜라루카인터내셔날코리아주식회사_픽퍼포먼스팩맨_9.jpg
멜라루카인터내셔날코리아주식회사 픽퍼포먼스팩우먼,100601001,멜라루카인터내셔날코리아주식회사_픽퍼포먼스팩우먼_1.jpg
멜라루카인터내셔날코리아주식회사 픽퍼포먼스팩우먼,100601010,멜라루카인터내셔날코리아주식회사_픽퍼포먼스팩우먼_10.jpg
멜라루카인터내셔날코리아주식회사 픽퍼포먼스팩우먼,100601002,멜라루카인터내셔날코리아주식회사_픽퍼포먼스팩우먼_2.jpg
멜라루카인터내셔날코리아주식회사 픽퍼포먼스팩우먼,100601003,멜라루카인터내셔날코리아주식회사_픽퍼포먼스팩우먼_3.jpg
멜라루카인터내셔날코리아주식회사 픽퍼포먼스팩우먼,100601004,멜라루카인터내셔날코리아주식회사_픽퍼포먼스팩우먼_4.jpg
멜라루카인터내셔날코리아주식회사 픽퍼포먼스팩우먼,100601005,멜라루카인터내셔날코리아주식회사_픽퍼포먼스팩우먼_5.jpg
멜라루카인터내셔날코리아주식회사 픽퍼포먼스팩우먼,100601006,멜라루카인터내셔날코리아주식회사_픽퍼포먼스팩우먼_6.jpg
멜라루카인터내셔날코리아주식회사 픽퍼포먼스팩우먼,100601007,멜라루카인터내셔날코리아주식회사_픽퍼포먼스팩우먼_7.jpg
멜라루카인터내셔날코리아주식회사 픽퍼포먼스팩우먼,100601008,멜라루카인터내셔날코리아주식회사_픽퍼포먼스팩우먼_8.jpg
멜라루카인터내셔날코리아주식회사 픽퍼포먼스팩우먼,100601009,멜라루카인터내셔날코리아주식회사_픽퍼포먼스팩우먼_9.jpg
목향허니비 사양벌꿀,100611001,목향허니비_사양벌꿀_1.jpeg
목향허니비 사양벌꿀,100611002,목향허니비_사양벌꿀_2.jpeg
몬쉘코리아경기센터 떠먹는치즈케이크,100621001,몬쉘코리아경기센터_떠먹는치즈케이크_1.jpg
미래바이오 피비5000 파워골드 플러스,100631001,미래바이오_피비5000 파워골드 플러스_1.jpeg
미래바이오 피비5000 파워골드 플러스,100631002,미래바이오_피비5000 파워골드 플러스_2.png
미래바이오 피비5000 파워골드 플러스,100631003,미래바이오_피비5000 파워골드 플러스_3.png
범아식품  순후추,100641001,범아식품_ 순후추_1.jpeg
범아식품  순후추,100641002,범아식품_ 순후추_2.jpeg
보나테라주식회사 보나테라초콜릿,100651001,보나테라주식회사_보나테라초콜릿_1.jpg
보나테라주식회사 보나테라초콜릿,100651002,보나테라주식회사_보나테라초콜릿_2.jpg
보나테라주식회사 보나테라초콜릿,100651003,보나테라주식회사_보나테라초콜릿_3.jpg
보나테라주식회사 보나테라초콜릿,100651004,보나테라주식회사_보나테라초콜릿_4.jpg
보나테라주식회사 보나테라초콜릿,100651005,보나테라주식회사_보나테라초콜릿_5.jpg
봉산냉동 봉산식용얼음,100661001,봉산냉동_봉산식용얼음_1.jpg
비타민뱅크주식회사 루테인알파,100671001,비타민뱅크주식회사_루테인알파_1.jpg
비타민뱅크주식회사 멀티비타민&미네랄올앤원50플러스,100681001,비타민뱅크주식회사_멀티비타민&미네랄올앤원50플러스_1.jpg
비타민뱅크주식회사 멀티비타민&미네랄올앤원50플러스,100681002,비타민뱅크주식회사_멀티비타민&미네랄올앤원50플러스_2.jpg
비타민뱅크주식회사 멀티비타민&미네랄올앤원50플러스,100681003,비타민뱅크주식회사_멀티비타민&미네랄올앤원50플러스_3.jpg
비타민뱅크주식회사 멀티비타민&미네랄올앤원50플러스,100681004,비타민뱅크주식회사_멀티비타민&미네랄올앤원50플러스_4.jpg
비타민뱅크주식회사 멀티비타민&미네랄올앤원50플러스,100681005,비타민뱅크주식회사_멀티비타민&미네랄올앤원50플러스_5.jpg
비타민뱅크주식회사 장용성신바이오틱스100,100691001,비타민뱅크주식회사_장용성신바이오틱스100_1.jpg
비타민뱅크주식회사 장용성신바이오틱스100,100691002,비타민뱅크주식회사_장용성신바이오틱스100_2.jpg
비헬스뉴트리션 로얄프로폴리스,100701001,비헬스뉴트리션_로얄프로폴리스_1.jpeg
비헬스뉴트리션 로얄프로폴리스,100701002,비헬스뉴트리션_로얄프로폴리스_2.jpeg
비헬스뉴트리션 로얄프로폴리스,100701003,비헬스뉴트리션_로얄프로폴리스_3.jpeg
비헬스뉴트리션 로얄프로폴리스,100701004,비헬스뉴트리션_로얄프로폴리스_4.jpeg
비헬스뉴트리션 로얄프로폴리스,100701005,비헬스뉴트리션_로얄프로폴리스_5.jpeg
비헬스뉴트리션 로얄프로폴리스,100701005,비헬스뉴트리션_로얄프로폴리스_5.jpg
비헬스뉴트리션 로얄프로폴리스,100701006,비헬스뉴트리션_로얄프로폴리스_6.jpeg
삼보인터내셔날 맘톰,100711001,삼보인터내셔날_맘톰_1.jpeg
삼보인터내셔날 맘톰,100711002,삼보인터내셔날_맘톰_2.jpeg
삼보인터내셔날 맘톰,100711003,삼보인터내셔날_맘톰_3.jpeg
삼보인터내셔날 맘톰,100711004,삼보인터내셔날_맘톰_4.jpeg
삼주티앤비주식회사 페퍼민트레몬티,100721001,삼주티앤비주식회사_페퍼민트레몬티_1.jpg
삼주티앤비주식회사 페퍼민트레몬티,100721002,삼주티앤비주식회사_페퍼민트레몬티_2.jpg
삼주티앤비주식회사 페퍼민트레몬티,100721003,삼주티앤비주식회사_페퍼민트레몬티_3.jpg
삼주티앤비주식회사 페퍼민트레몬티,100721004,삼주티앤비주식회사_페퍼민트레몬티_4.jpg
상명농산 구운땅콩,100731001,상명농산_구운땅콩_1.jpeg
상명농산 구운땅콩,100731002,상명농산_구운땅콩_2.jpeg
상명농산 구운땅콩,100731003,상명농산_구운땅콩_3.jpeg
상명농산 구운땅콩,100731004,상명농산_구운땅콩_4.jpeg
상명농산 구운땅콩,100731005,상명농산_구운땅콩_5.jpeg
서광농업협동조합 맑은햇살생강분말,100741001,서광농업협동조합_맑은햇살생강분말_1.jpg
선홍수산식품 감칠맛이가득맥반석오징어몸통구이,100751001,선홍수산식품_감칠맛이가득맥반석오징어몸통구이_1.jpg
선홍수산식품 감칠맛이가득맥반석오징어몸통구이,100751002,선홍수산식품_감칠맛이가득맥반석오징어몸통구이_2..jpg
선홍수산식품 감칠맛이가득맥반석오징어몸통구이,100751003,선홍수산식품_감칠맛이가득맥반석오징어몸통구이_3.jpg
선홍수산식품 감칠맛이가득맥반석오징어몸통구이,100751004,선홍수산식품_감칠맛이가득맥반석오징어몸통구이_4.jpg
세종허브 보리새싹분말,100761001,세종허브_보리새싹분말_1.jpeg
세종허브 보리새싹분말,100761002,세종허브_보리새싹분말_2.jpeg
세진상사 월계수잎,100771001,세진상사_월계수잎_1.jpg
세진상사 월계수잎,100771002,세진상사_월계수잎_2.png
세진상사 월계수잎,100771003,세진상사_월계수잎_3.jpg
센트럴팜주식회사 유기농원료비타민C키즈유산균+비타민D,100781001,센트럴팜주식회사_유기농원료비타민C키즈유산균+비타민D_1.jpg
센트럴팜주식회사 유기농원료비타민C키즈유산균+비타민D,100781002,센트럴팜주식회사_유기농원료비타민C키즈유산균+비타민D_2.jpg
센트럴팜주식회사 유기농원료비타민C키즈유산균+비타민D,100781003,센트럴팜주식회사_유기농원료비타민C키즈유산균+비타민D_3.jpg
센트럴팜주식회사 유기농원료비타민C키즈유산균+비타민D,100781004,센트럴팜주식회사_유기농원료비타민C키즈유산균+비타민D_4.jpg
센트럴팜주식회사 유기농원료비타민C키즈유산균+비타민D,100781005,센트럴팜주식회사_유기농원료비타민C키즈유산균+비타민D_5.jpg
센트럴팜주식회사 유기농원료비타민C키즈유산균+비타민D,100781006,센트럴팜주식회사_유기농원료비타민C키즈유산균+비타민D_6.jpg
수빈유통 수빈 당귀백숙재료 티백,100791001,수빈유통_수빈 당귀백숙재료 티백_1.jpeg
수빈유통 수빈 당귀백숙재료 티백,100791002,수빈유통_수빈 당귀백숙재료 티백_2.jpeg
수빈유통 수빈 백숙재료 티백(국내산),100801001,수빈유통_수빈 백숙재료 티백(국내산)_1.jpeg
수빈유통 수빈 백숙재료 티백(국내산),100801002,수빈유통_수빈 백숙재료 티백(국내산)_2.jpeg
수빈유통 수빈 백숙재료 티백(국내산),100801003,수빈유통_수빈 백숙재료 티백(국내산)_3.jpg
수빈유통 수빈 백숙재료 티백(깊은맛),100811001,수빈유통_수빈 백숙재료 티백(깊은맛)_1.jpeg
수빈유통 수빈 백숙재료 티백(깊은맛),100811002,수빈유통_수빈 백숙재료 티백(깊은맛)_2.jpeg
수빈유통 수빈 백숙재료 티백(깊은맛),100811003,수빈유통_수빈 백숙재료 티백(깊은맛)_3.jpg
신나는식품 신나는떡갈비맛스테이크,100821001,신나는식품_신나는떡갈비맛스테이크_1.jpg
"신영측기(주) 제빙기(ICE MAKER, MINI ICE MAKER)",100831001,"신영측기(주)_제빙기(ICE MAKER, MINI ICE MAKER)_1.jpeg"
"신영측기(주) 제빙기(ICE MAKER, MINI ICE MAKER)",100831002,"신영측기(주)_제빙기(ICE MAKER, MINI ICE MAKER)_2.jpeg"
"신영측기(주) 제빙기(ICE MAKER, MINI ICE MAKER)",100831003,"신영측기(주)_제빙기(ICE MAKER, MINI ICE MAKER)_3.jpeg"
"신영측기(주) 제빙기(ICE MAKER, MINI ICE MAKER)",100831004,"신영측기(주)_제빙기(ICE MAKER, MINI ICE MAKER)_4.jpeg"
"신영측기(주) 제빙기(ICE MAKER, MINI ICE MAKER)",100831005,"신영측기(주)_제빙기(ICE MAKER, MINI ICE MAKER)_5.jpeg"
"신영측기(주) 제빙기(ICE MAKER, MINI ICE MAKER)",100831006,"신영측기(주)_제빙기(ICE MAKER, MINI ICE MAKER)_6.jpeg"
심씨네젓갈식품 멸치액젓,100841001,심씨네젓갈식품_멸치액젓_1.jpg
아기뷰(I GIVE YOU) 프리미엄 골드 프로바이오틱스 17,100851001,아기뷰(I GIVE YOU)_프리미엄 골드 프로바이오틱스 17_1.jpeg
아기뷰(I GIVE YOU) 프리미엄 골드 프로바이오틱스 17,100851002,아기뷰(I GIVE YOU)_프리미엄 골드 프로바이오틱스 17_2.jpeg
아기뷰(I GIVE YOU) 프리미엄 골드 프로바이오틱스 17,100851004,아기뷰(I GIVE YOU)_프리미엄 골드 프로바이오틱스 17_4.png
아기뷰(I GIVE YOU) 프리미엄 골드 프로바이오틱스 17,100851005,아기뷰(I GIVE YOU)_프리미엄 골드 프로바이오틱스 17_5.jpeg
아기뷰(I GIVE YOU) 프리미엄 골드 프로바이오틱스 17,100851006,아기뷰(I GIVE YOU)_프리미엄 골드 프로바이오틱스 17_6.jpeg
아기뷰(I GIVE YOU) 프리미엄 골드 프로바이오틱스 17,100851007,아기뷰(I GIVE YOU)_프리미엄 골드 프로바이오틱스 17_7.jpeg
아실리코리아유한회사 프로바이오100프로바이오틱스,100861001,아실리코리아유한회사_프로바이오100프로바이오틱스_1.jpg
아실리코리아유한회사 프로바이오100프로바이오틱스,100861002,아실리코리아유한회사_프로바이오100프로바이오틱스_2.jpg
아실리코리아유한회사 프로바이오100프로바이오틱스,100861003,아실리코리아유한회사_프로바이오100프로바이오틱스_3.jpg
아실리코리아유한회사 프로바이오100프로바이오틱스,100861004,아실리코리아유한회사_프로바이오100프로바이오틱스_4.jpg
아실리코리아유한회사 프로바이오100프로바이오틱스,100861005,아실리코리아유한회사_프로바이오100프로바이오틱스_5.jpg
아실리코리아유한회사 프로바이오100프로바이오틱스,100861006,아실리코리아유한회사_프로바이오100프로바이오틱스_6.jpg
알파인리서치(주) 프롬안스플럼,100871001,알파인리서치(주)_프롬안스플럼_1.jpeg
알파인리서치(주) 프롬안스플럼,100871002,알파인리서치(주)_프롬안스플럼_2.jpeg
앤푸드 얼큰시래기소곱창전골,100881001,앤푸드_얼큰시래기소곱창전골_1.jpg
양촌식품 감식초,100891001,양촌식품_감식초_1.jpeg
양촌식품 감식초,100891002,양촌식품_감식초_2.jpeg
에스비트레이드 주식회사 냉동 무청,100901001,에스비트레이드주식회사_냉동무청_1.jpeg
에스비트레이드 주식회사 냉동 무청,100901002,에스비트레이드주식회사_냉동무청_2.jpeg
에스비트레이드 주식회사 냉동 무청,100901003,에스비트레이드주식회사_냉동무청_3.jpeg
에스비트레이드 주식회사 냉동 무청,100901004,에스비트레이드주식회사_냉동무청_4.jpeg
에스엘 일회용식품용기2,100911001,에스엘_일회용식품용기2_1.jpg
에스엘 일회용식품용기2,100911002,에스엘_일회용식품용기2_2.jpg
에스엘 일회용식품용기2,100911003,에스엘_일회용식품용기2_3.jpg
에스엘 일회용식품용기2,100911004,에스엘_일회용식품용기2_4.jpg
에스엘 일회용식품용기,100921001,에스엘_일회용식품용기_1.jpg
에스엘 일회용식품용기,100921002,에스엘_일회용식품용기_2.jpg
에스엘 일회용식품용기,100921003,에스엘_일회용식품용기_3.jpg
에스엘 일회용식품용기,100921004,에스엘_일회용식품용기_4.jpg
에스엘 일회용식품용기,100921005,에스엘_일회용식품용기_5.jpg
에이케이무역주식회사 맘톰쉬림페이스트,100931001,에이케이무역주식회사_맘톰쉬림페이스트_1.jpeg
에이케이무역주식회사 맘톰쉬림페이스트,100931002,에이케이무역주식회사_맘톰쉬림페이스트_2.jpeg
엘엔비내츄럴 유토피스에프,100941001,엘엔비내츄럴_유토피스에프_1.jpeg
엘엔비내츄럴 유토피스에프,100941002,엘엔비내츄럴_유토피스에프_2.jpeg
영농조합법인 강화사자발약쑥 강화사자발쑥진액100,100951001,영농조합법인 강화사자발약쑥_강화사자발쑥진액100_1.jpeg
영농조합법인 강화사자발약쑥 강화사자발쑥진액100,100951002,영농조합법인 강화사자발약쑥_강화사자발쑥진액100_2.jpeg
영농조합법인산골농장 도라지청,100961001,영농조합법인산골농장_도라지청_1.jpeg
영농조합법인산골농장 도라지청,100961002,영농조합법인산골농장_도라지청_2.jpeg
영농조합법인산골농장 도라지청,100961003,영농조합법인산골농장_도라지청_3.jpeg
영농조합법인수승대발효마을 수승대발효마을유기농된장,100971001,영농조합법인수승대발효마을_수승대발효마을유기농된장_1.jpg
영덕농수산영어농조합법인 씨트리성게알통조림,100981001,영덕농수산영어농조합법인_씨트리성게알통조림_1.jpeg
영덕농수산영어농조합법인 씨트리성게알통조림,100981002,영덕농수산영어농조합법인_씨트리성게알통조림_2.jpeg
영흥식품주식회사 굴소스(굴추출물20%),100991001,영흥식품주식회사_굴소스(굴추출물20%)_1.jpg
영흥식품주식회사 굴소스(굴추출물20%),100991002,영흥식품주식회사_굴소스(굴추출물20%)_2.jpg
영흥식품주식회사 굴소스(굴추출물20%),100991003,영흥식품주식회사_굴소스(굴추출물20%)_3.jpg
원보푸드 연변찹쌀순대,101001001,원보푸드_연변찹쌀순대_1.jpg
유한헬스팜 장스마일 생 유산균,101011001,유한헬스팜_장스마일 생 유산균_1.jpeg
유한헬스팜 장스마일 생 유산균,101011002,유한헬스팜_장스마일 생 유산균_2.jpeg
유한헬스팜 장스마일 생 유산균,101011003,유한헬스팜_장스마일 생 유산균_3.jpeg
유한헬스팜 장스마일 생 유산균,101011004,유한헬스팜_장스마일 생 유산균_4.jpeg
유한헬스팜 장스마일 생 유산균,101011005,유한헬스팜_장스마일 생 유산균_5.jpeg
유한헬스팜 장스마일 생 유산균,101011006,유한헬스팜_장스마일 생 유산균_6.jpeg
육수온 한우사골곰탕,101021001,육수온_한우사골곰탕_1.jpg
육수온 한우사골곰탕,101021002,육수온_한우사골곰탕_2.jpg
육수온 한우사골곰탕,101021003,육수온_한우사골곰탕_3.jpg
이알엠 주식회사 바이탈 킹크릴 1200,101031001,이알엠 주식회사_바이탈 킹크릴 1200_1.jpeg
이알엠 주식회사 바이탈 킹크릴 1200,101031002,이알엠 주식회사_바이탈 킹크릴 1200_2.jpeg
이제이푸드 쭈꾸미불고기,101041001,이제이푸드_쭈꾸미불고기_1.jpg
이제이푸드 쭈꾸미불고기,101041002,이제이푸드_쭈꾸미불고기_2.jpg
이지메디칼 크릴 파워,101051001,이지메디칼_크릴 파워_1.jpeg
이지메디칼 크릴 파워,101051002,이지메디칼_크릴 파워_2.jpeg
일품농산주식회사 목이버섯,101061001,일품농산주식회사_목이버섯_1.jpg
정희화학(주) 탕국반찬용기(23193)미색,101071001,정희화학(주)_탕국반찬용기(23193)미색_1.jpeg
정희화학(주) 탕국반찬용기(23193)미색,101071002,정희화학(주)_탕국반찬용기(23193)미색_2.jpeg
제이푸드월드주식회사 신선당근,101081001,제이푸드월드주식회사_신선당근_1.jpg
제주농장영농조합법인제주지점 생알로에면역젤리,101091001,제주농장영농조합법인제주지점_생알로에면역젤리_1.jpg
제주농장영농조합법인제주지점 생알로에면역젤리,101091010,제주농장영농조합법인제주지점_생알로에면역젤리_10.jpg
제주농장영농조합법인제주지점 생알로에면역젤리,101091002,제주농장영농조합법인제주지점_생알로에면역젤리_2.jpg
제주농장영농조합법인제주지점 생알로에면역젤리,101091003,제주농장영농조합법인제주지점_생알로에면역젤리_3.jpg
제주농장영농조합법인제주지점 생알로에면역젤리,101091004,제주농장영농조합법인제주지점_생알로에면역젤리_4.jpg
제주농장영농조합법인제주지점 생알로에면역젤리,101091005,제주농장영농조합법인제주지점_생알로에면역젤리_5.jpg
제주농장영농조합법인제주지점 생알로에면역젤리,101091006,제주농장영농조합법인제주지점_생알로에면역젤리_6.jpg
제주농장영농조합법인제주지점 생알로에면역젤리,101091007,제주농장영농조합법인제주지점_생알로에면역젤리_7.jpg
제주농장영농조합법인제주지점 생알로에면역젤리,101091008,제주농장영농조합법인제주지점_생알로에면역젤리_8.jpg
제주농장영농조합법인제주지점 생알로에면역젤리,101091009,제주농장영농조합법인제주지점_생알로에면역젤리_9.jpg
제주농장영농조합법인제주지점 요망진 ABC 주스,101101001,제주농장영농조합법인제주지점_요망진 ABC 주스_1.jpeg
제주농장영농조합법인제주지점 요망진 ABC 주스,101101002,제주농장영농조합법인제주지점_요망진 ABC 주스_2.jpeg
제주농장영농조합법인제주지점 요망진 ABC 주스,101101003,제주농장영농조합법인제주지점_요망진 ABC 주스_3.jpeg
제주농장영농조합법인제주지점 요망진 ABC 주스,101101004,제주농장영농조합법인제주지점_요망진 ABC 주스_4.webp
제주본초협동조합 어우야,101111001,제주본초협동조합_어우야_1.jpg
제주본초협동조합 어우야,101111010,제주본초협동조합_어우야_10.jpg
제주본초협동조합 어우야,101111002,제주본초협동조합_어우야_2.jpg
제주본초협동조합 어우야,101111003,제주본초협동조합_어우야_3.jpg
제주본초협동조합 어우야,101111004,제주본초협동조합_어우야_4.jpg
제주본초협동조합 어우야,101111005,제주본초협동조합_어우야_5.jpg
제주본초협동조합 어우야,101111006,제주본초협동조합_어우야_6.jpg
제주본초협동조합 어우야,101111007,제주본초협동조합_어우야_7.jpg
제주본초협동조합 어우야,101111008,제주본초협동조합_어우야_8.jpg
제주본초협동조합 어우야,101111009,제주본초협동조합_어우야_9.jpg
주식회사 명성뉴트라 남극 파워 크릴,101121001,주식회사 명성뉴트라_남극 파워 크릴_1.jpeg
주식회사 명성뉴트라 남극 파워 크릴,101121002,주식회사 명성뉴트라_남극 파워 크릴_2.jpeg
주식회사 명성뉴트라 바이탈 킹크릴 1200,101131001,주식회사 명성뉴트라_바이탈 킹크릴 1200_1.jpeg
주식회사 명성뉴트라 바이탈 킹크릴 1200,101131002,주식회사 명성뉴트라_바이탈 킹크릴 1200_2.jpeg
주식회사 명성뉴트라 이지크릴오일,101141001,주식회사 명성뉴트라_이지크릴오일_1.jpeg
주식회사 명성뉴트라 이지크릴오일,101141002,주식회사 명성뉴트라_이지크릴오일_2.jpeg
주식회사 비오에스케이스파 레몬오일,101151001,주식회사 비오에스케이스파_레몬오일_1.jpeg
주식회사 비오에스케이스파 바질,101161001,주식회사 비오에스케이스파_바질_1.jpeg
주식회사 비오에스케이스파 바질,101161002,주식회사 비오에스케이스파_바질_2.jpeg
주식회사 비오에스케이스파 스피아민트,101171001,주식회사 비오에스케이스파_스피아민트_1.jpeg
주식회사 비오에스케이스파 스피아민트,101171002,주식회사 비오에스케이스파_스피아민트_2.jpeg
주식회사 비오에스케이스파 아로마워터레몬,101181001,주식회사 비오에스케이스파_아로마워터레몬_1.jpeg
주식회사 비오에스케이스파 아로마워터레몬,101181002,주식회사 비오에스케이스파_아로마워터레몬_2.jpeg
주식회사 비오에스케이스파 아로마워터바질,101191001,주식회사 비오에스케이스파_아로마워터바질_1.jpeg
주식회사 비오에스케이스파 아로마워터바질,101191002,주식회사 비오에스케이스파_아로마워터바질_2.jpeg
주식회사 비오에스케이스파 아로마워터스피아,101201001,주식회사 비오에스케이스파_아로마워터스피아_1.jpeg
주식회사 비오에스케이스파 아로마워터스피아,101201002,주식회사 비오에스케이스파_아로마워터스피아_2.jpeg
주식회사 비오에스케이스파 아로마워터주니퍼,101211001,주식회사 비오에스케이스파_아로마워터주니퍼_1.jpeg
주식회사 비오에스케이스파 아로마워터주니퍼,101211002,주식회사 비오에스케이스파_아로마워터주니퍼_2.jpeg
주식회사 비오에스케이스파 아로마워터프랑,101221001,주식회사 비오에스케이스파_아로마워터프랑_1.jpeg
주식회사 비오에스케이스파 아로마워터프랑,101221002,주식회사 비오에스케이스파_아로마워터프랑_2.jpeg
주식회사 비오에스케이스파 주니퍼베리,101231001,주식회사 비오에스케이스파_주니퍼베리_1.jpeg
주식회사 비오에스케이스파 주니퍼베리,101231002,주식회사 비오에스케이스파_주니퍼베리_2.jpeg
주식회사 비오에스케이스파 프랑킨센스,101241001,주식회사 비오에스케이스파_프랑킨센스_1.jpeg
주식회사 비오에스케이스파 프랑킨센스,101241002,주식회사 비오에스케이스파_프랑킨센스_2.jpeg
주식회사 상촌식품 된장,101251001,주식회사 상촌식품_된장_1.jpeg
주식회사 상촌식품 된장,101251010,주식회사 상촌식품_된장_10.jpeg
주식회사 상촌식품 된장,101251011,주식회사 상촌식품_된장_11.jpeg
주식회사 상촌식품 된장,101251002,주식회사 상촌식품_된장_2.jpeg
주식회사 상촌식품 된장,101251003,주식회사 상촌식품_된장_3.jpeg
주식회사 상촌식품 된장,101251004,주식회사 상촌식품_된장_4.jpeg
주식회사 상촌식품 된장,101251005,주식회사 상촌식품_된장_5.jpeg
주식회사 상촌식품 된장,101251006,주식회사 상촌식품_된장_6.jpeg
주식회사 상촌식품 된장,101251007,주식회사 상촌식품_된장_7.jpeg
주식회사 상촌식품 된장,101251008,주식회사 상촌식품_된장_8.jpeg
주식회사 상촌식품 된장,101251009,주식회사 상촌식품_된장_9.jpeg
주식회사 진성홀딩스 피비10 골드-500,101261001,주식회사 진성홀딩스_피비10 골드-500_1.jpeg
주식회사 진성홀딩스 피비10 골드-500,101261002,주식회사 진성홀딩스_피비10 골드-500_2.jpeg
주식회사 진성홀딩스 피비10 골드-500,101261003,주식회사 진성홀딩스_피비10 골드-500_3.jpeg
주식회사 진성홀딩스 피비10 골드-500,101261004,주식회사 진성홀딩스_피비10 골드-500_4.png
주식회사 한미무역 사리왕기티,101271001,주식회사 한미무역_사리왕기티_1.jpeg
주식회사 한미무역 사리왕기티,101271002,주식회사 한미무역_사리왕기티_2.jpeg
주식회사 한미무역 사리왕기티,101271003,주식회사 한미무역_사리왕기티_3.jpeg
주식회사 한미무역 사리왕기티,101271004,주식회사 한미무역_사리왕기티_4.jpg
주식회사 한미무역 사리왕기티,101271005,주식회사 한미무역_사리왕기티_5.jpeg
주식회사 한미무역 사리왕기티,101271006,주식회사 한미무역_사리왕기티_6.jpg
주식회사진성바이오 바질분말,101281001,주식회사진성바이오_바질분말_1.jpeg
주식회사그린팜푸드농업회사법인 미소예찬고인돌떡갈비,101291001,주식회사그린팜푸드농업회사법인_미소예찬고인돌떡갈비_1.jpg
주식회사그린팜푸드농업회사법인 미소예찬고인돌떡갈비,101291010,주식회사그린팜푸드농업회사법인_미소예찬고인돌떡갈비_10.jpg
주식회사그린팜푸드농업회사법인 미소예찬고인돌떡갈비,101291002,주식회사그린팜푸드농업회사법인_미소예찬고인돌떡갈비_2.jpg
주식회사그린팜푸드농업회사법인 미소예찬고인돌떡갈비,101291003,주식회사그린팜푸드농업회사법인_미소예찬고인돌떡갈비_3.jpg
주식회사그린팜푸드농업회사법인 미소예찬고인돌떡갈비,101291004,주식회사그린팜푸드농업회사법인_미소예찬고인돌떡갈비_4.jpg
주식회사그린팜푸드농업회사법인 미소예찬고인돌떡갈비,101291005,주식회사그린팜푸드농업회사법인_미소예찬고인돌떡갈비_5.jpg
주식회사그린팜푸드농업회사법인 미소예찬고인돌떡갈비,101291006,주식회사그린팜푸드농업회사법인_미소예찬고인돌떡갈비_6.jpg
주식회사그린팜푸드농업회사법인 미소예찬고인돌떡갈비,101291007,주식회사그린팜푸드농업회사법인_미소예찬고인돌떡갈비_7.jpg
주식회사그린팜푸드농업회사법인 미소예찬고인돌떡갈비,101291008,주식회사그린팜푸드농업회사법인_미소예찬고인돌떡갈비_8.jpg
주식회사그린팜푸드농업회사법인 미소예찬고인돌떡갈비,101291009,주식회사그린팜푸드농업회사법인_미소예찬고인돌떡갈비_9.jpg
주식회사글로벌서비스 바바예브스키벨로츠카,101301001,주식회사글로벌서비스_바바예브스키벨로츠카_1.jpg
주식회사글로브 G1콩기름,101311001,주식회사글로브_G1콩기름_1.jpg
주식회사글로브 G1콩기름,101311002,주식회사글로브_G1콩기름_2.jpg
주식회사글로브 G1콩기름,101311003,주식회사글로브_G1콩기름_3.jpg
주식회사글로브 G1콩기름,101311004,주식회사글로브_G1콩기름_4.jpg
주식회사노바렉스 에버핏이너다이어트,101321001,주식회사노바렉스_에버핏이너다이어트_1.jpg
주식회사다이트라 덕검-114,101331001,주식회사다이트라_덕검-114_1.jpg
주식회사다이트라 덕검-555,101341001,주식회사다이트라_덕검-555_1.jpg
주식회사도투락 더조은한끼곤약젤리복숭아,101351001,주식회사도투락_더조은한끼곤약젤리복숭아_1.jpg
주식회사도투락 더조은한끼곤약젤리복숭아,101351010,주식회사도투락_더조은한끼곤약젤리복숭아_10.jpg
주식회사도투락 더조은한끼곤약젤리복숭아,101351002,주식회사도투락_더조은한끼곤약젤리복숭아_2.jpg
주식회사도투락 더조은한끼곤약젤리복숭아,101351003,주식회사도투락_더조은한끼곤약젤리복숭아_3.jpg
주식회사도투락 더조은한끼곤약젤리복숭아,101351004,주식회사도투락_더조은한끼곤약젤리복숭아_4.jpg
주식회사도투락 더조은한끼곤약젤리복숭아,101351005,주식회사도투락_더조은한끼곤약젤리복숭아_5.jpg
주식회사도투락 더조은한끼곤약젤리복숭아,101351006,주식회사도투락_더조은한끼곤약젤리복숭아_6.jpg
주식회사도투락 더조은한끼곤약젤리복숭아,101351007,주식회사도투락_더조은한끼곤약젤리복숭아_7.jpg
주식회사도투락 더조은한끼곤약젤리복숭아,101351008,주식회사도투락_더조은한끼곤약젤리복숭아_8.jpg
주식회사도투락 더조은한끼곤약젤리복숭아,101351009,주식회사도투락_더조은한끼곤약젤리복숭아_9.png
주식회사도투락 더조은한끼곤약젤리청포도,101361001,주식회사도투락_더조은한끼곤약젤리청포도_1.jpg
주식회사도투락 더조은한끼곤약젤리청포도,101361010,주식회사도투락_더조은한끼곤약젤리청포도_10.jpg
주식회사도투락 더조은한끼곤약젤리청포도,101361002,주식회사도투락_더조은한끼곤약젤리청포도_2.jpg
주식회사도투락 더조은한끼곤약젤리청포도,101361003,주식회사도투락_더조은한끼곤약젤리청포도_3.jpg
주식회사도투락 더조은한끼곤약젤리청포도,101361004,주식회사도투락_더조은한끼곤약젤리청포도_4.jpg
주식회사도투락 더조은한끼곤약젤리청포도,101361005,주식회사도투락_더조은한끼곤약젤리청포도_5.jpg
주식회사도투락 더조은한끼곤약젤리청포도,101361006,주식회사도투락_더조은한끼곤약젤리청포도_6.jpg
주식회사도투락 더조은한끼곤약젤리청포도,101361007,주식회사도투락_더조은한끼곤약젤리청포도_7.jpg
주식회사도투락 더조은한끼곤약젤리청포도,101361008,주식회사도투락_더조은한끼곤약젤리청포도_8.jpg
주식회사도투락 더조은한끼곤약젤리청포도,101361009,주식회사도투락_더조은한끼곤약젤리청포도_9.jpg
주식회사동원F&B 수라양반차돌된장찌개,101371001,주식회사동원F&B_수라양반차돌된장찌개_1.jpg
주식회사동원F&B 수라양반차돌된장찌개,101371002,주식회사동원F&B_수라양반차돌된장찌개_2.jpg
주식회사동원F&B 수라양반차돌된장찌개,101371003,주식회사동원F&B_수라양반차돌된장찌개_3.jpg
주식회사동원F&B 수라양반차돌된장찌개,101371004,주식회사동원F&B_수라양반차돌된장찌개_4.jpg
주식회사동원F&B 수라양반차돌된장찌개,101371005,주식회사동원F&B_수라양반차돌된장찌개_5.jpg
주식회사동원F&B 수라양반차돌된장찌개,101371006,주식회사동원F&B_수라양반차돌된장찌개_6.jpg
주식회사동원F&B 수라양반차돌된장찌개,101371007,주식회사동원F&B_수라양반차돌된장찌개_7.jpg
주식회사동원F&B 수라양반차돌된장찌개,101371008,주식회사동원F&B_수라양반차돌된장찌개_8.jpg
주식회사동원F&B 수라양반차돌된장찌개,101371009,주식회사동원F&B_수라양반차돌된장찌개_9.jpg
주식회사동진제약 홍삼농축액,101381001,주식회사동진제약_홍삼농축액_1.jpeg
주식회사동진제약 홍삼농축액,101381002,주식회사동진제약_홍삼농축액_2.jpg
주식회사동트는세상인 레민다스파이랄산소수,101391001,주식회사동트는세상인_레민다스파이랄산소수_1.jpg
주식회사동트는세상인 레민다스파이랄산소수,101391002,주식회사동트는세상인_레민다스파이랄산소수_2.jpg
주식회사동트는세상인 레민다스파이랄산소수,101391003,주식회사동트는세상인_레민다스파이랄산소수_3.jpg
주식회사동트는세상인 레민다스파이랄산소수,101391004,주식회사동트는세상인_레민다스파이랄산소수_4.jpg
주식회사동트는세상인 레민다스파이랄산소수,101391005,주식회사동트는세상인_레민다스파이랄산소수_5.png
주식회사동트는세상인 레민다스파이랄산소수,101391006,주식회사동트는세상인_레민다스파이랄산소수_6.jpg
주식회사동트는세상인 레민다스파이랄산소수,101391007,주식회사동트는세상인_레민다스파이랄산소수_7.jpg
주식회사동트는세상인 레민다스파이랄산소수,101391008,주식회사동트는세상인_레민다스파이랄산소수_8.jpg
주식회사뚜레반 계피가루,101401001,주식회사뚜레반_계피가루_1.jpg
주식회사뚜레반 계피가루,101401002,주식회사뚜레반_계피가루_2.jpg
주식회사뚜레반 계피가루,101401003,주식회사뚜레반_계피가루_3.jpg
주식회사뚜레반 계피가루,101401004,주식회사뚜레반_계피가루_4.jpg
주식회사뚜레반 계피가루,101401005,주식회사뚜레반_계피가루_5.jpg
주식회사본데어리 건국구워먹는치즈,101411001,주식회사본데어리_건국구워먹는치즈_1.jpg
주식회사본데어리 건국구워먹는치즈,101411002,주식회사본데어리_건국구워먹는치즈_2.jpg
주식회사본데어리 건국구워먹는치즈,101411003,주식회사본데어리_건국구워먹는치즈_3.jpg
주식회사본데어리 건국구워먹는치즈,101411004,주식회사본데어리_건국구워먹는치즈_4.jpg
주식회사비락 동물복지우유,101421001,주식회사비락_동물복지우유_1.jpg
주식회사비락 올바른우유,101431001,주식회사비락_올바른우유_1.jpg
주식회사비락 올바른우유,101431010,주식회사비락_올바른우유_10.jpg
주식회사비락 올바른우유,101431002,주식회사비락_올바른우유_2.jpg
주식회사비락 올바른우유,101431003,주식회사비락_올바른우유_3.jpg
주식회사비락 올바른우유,101431004,주식회사비락_올바른우유_4.jpg
주식회사비락 올바른우유,101431005,주식회사비락_올바른우유_5.jpg
주식회사비락 올바른우유,101431006,주식회사비락_올바른우유_6.jpg
주식회사비락 올바른우유,101431007,주식회사비락_올바른우유_7.jpg
주식회사비락 올바른우유,101431008,주식회사비락_올바른우유_8.jpg
주식회사비락 올바른우유,101431009,주식회사비락_올바른우유_9.jpg
주식회사비락 올바른우유클래식,101441001,주식회사비락_올바른우유클래식_1.jpg
주식회사비락 올바른우유클래식,101441002,주식회사비락_올바른우유클래식_2.jpg
주식회사비락 올바른우유클래식,101441003,주식회사비락_올바른우유클래식_3.jpg
주식회사비락 올바른우유클래식,101441004,주식회사비락_올바른우유클래식_4.jpg
주식회사비락 올바른우유클래식,101441005,주식회사비락_올바른우유클래식_5.jpg
주식회사비엘헬스케어 산골비타민젤리,101451001,주식회사비엘헬스케어_산골비타민젤리_1.jpg
주식회사비엘헬스케어 산골비타민젤리,101451010,주식회사비엘헬스케어_산골비타민젤리_10.jpg
주식회사비엘헬스케어 산골비타민젤리,101451002,주식회사비엘헬스케어_산골비타민젤리_2.jpg
주식회사비엘헬스케어 산골비타민젤리,101451003,주식회사비엘헬스케어_산골비타민젤리_3.jpg
주식회사비엘헬스케어 산골비타민젤리,101451004,주식회사비엘헬스케어_산골비타민젤리_4.jpg
주식회사비엘헬스케어 산골비타민젤리,101451005,주식회사비엘헬스케어_산골비타민젤리_5.jpg
주식회사비엘헬스케어 산골비타민젤리,101451006,주식회사비엘헬스케어_산골비타민젤리_6.jpg
주식회사비엘헬스케어 산골비타민젤리,101451007,주식회사비엘헬스케어_산골비타민젤리_7.jpg
주식회사비엘헬스케어 산골비타민젤리,101451008,주식회사비엘헬스케어_산골비타민젤리_8.jpg
주식회사비엘헬스케어 산골비타민젤리,101451009,주식회사비엘헬스케어_산골비타민젤리_9.jpg
주식회사비오티 멀티락신바이오틱,101461001,주식회사비오티_멀티락신바이오틱_1.jpg
주식회사비오티 멀티락신바이오틱,101461010,주식회사비오티_멀티락신바이오틱_10.jpg
주식회사비오티 멀티락신바이오틱,101461002,주식회사비오티_멀티락신바이오틱_2.jpg
주식회사비오티 멀티락신바이오틱,101461003,주식회사비오티_멀티락신바이오틱_3.jpg
주식회사비오티 멀티락신바이오틱,101461004,주식회사비오티_멀티락신바이오틱_4.jpg
주식회사비오티 멀티락신바이오틱,101461005,주식회사비오티_멀티락신바이오틱_5.jpg
주식회사비오티 멀티락신바이오틱,101461006,주식회사비오티_멀티락신바이오틱_6.jpg
주식회사비오티 멀티락신바이오틱,101461007,주식회사비오티_멀티락신바이오틱_7.jpg
주식회사비오티 멀티락신바이오틱,101461008,주식회사비오티_멀티락신바이오틱_8.jpg
주식회사비오티 멀티락신바이오틱,101461009,주식회사비오티_멀티락신바이오틱_9.jpg
주식회사상촌식품 된장,101471001,주식회사상촌식품_된장_1.jpeg
주식회사상촌식품 된장,101471002,주식회사상촌식품_된장_2.jpeg
주식회사상촌식품 된장,101471004,주식회사상촌식품_된장_4.jpg
주식회사성우농수산 호박씨,101481001,주식회사성우농수산_호박씨_1.jpg
주식회사스위트드림 톡젤리청포도맛,101491001,주식회사스위트드림_톡젤리청포도맛_1.jpeg
주식회사스위트드림 톡젤리청포도맛,101491002,주식회사스위트드림_톡젤리청포도맛_2.jpeg
주식회사신영에이치에스 평창한우마을정성드린한우사골곰탕,101501001,주식회사신영에이치에스_평창한우마을정성드린한우사골곰탕_1.jpg
주식회사신영에프에스 페페로치노분쇄,101511001,주식회사신영에프에스_페페로치노분쇄2_1.jpg
주식회사신영에프에스 페페로치노분쇄,101511002,주식회사신영에프에스_페페로치노분쇄2_2.jpg
주식회사신영에프에스 페페로치노분쇄,101511003,주식회사신영에프에스_페페로치노분쇄3_1.jpg
주식회사신영에프에스 페페로치노분쇄,101511004,주식회사신영에프에스_페페로치노분쇄_1.jpg
주식회사신영에프에스 페페로치노분쇄,101511005,주식회사신영에프에스_페페로치노분쇄_2.jpg
주식회사신영허브 강황분말,101521001,주식회사신영허브_강황분말_1.jpeg
주식회사아라움 쥐치포,101531001,주식회사아라움_쥐치포_1.jpg
주식회사아라움 쥐치포,101531002,주식회사아라움_쥐치포_2.jpg
주식회사아라움 쥐치포,101531003,주식회사아라움_쥐치포_3.jpg
주식회사아라움 쥐치포,101531004,주식회사아라움_쥐치포_4.jpg
주식회사아라움 쥐치포,101531005,주식회사아라움_쥐치포_5.jpg
주식회사에스앤피인터내셔널 블랙티,101541001,주식회사에스앤피인터내셔널_블랙티_1.jpg
주식회사에스앤피인터내셔널 블랙티,101541002,주식회사에스앤피인터내셔널_블랙티_2.jpg
주식회사에스앤피인터내셔널 블랙티,101541003,주식회사에스앤피인터내셔널_블랙티_3.jpg
주식회사에스앤피인터내셔널 블랙티,101541004,주식회사에스앤피인터내셔널_블랙티_4.jpg
주식회사에스앤피인터내셔널 블랙티,101541005,주식회사에스앤피인터내셔널_블랙티_5.jpg
주식회사에스앤피인터내셔널 블랙티,101541006,주식회사에스앤피인터내셔널_블랙티_6.jpg
주식회사에스앤피인터내셔널 얼그레이,101551001,주식회사에스앤피인터내셔널_얼그레이_1.jpg
주식회사에스앤피인터내셔널 얼그레이,101551002,주식회사에스앤피인터내셔널_얼그레이_2.jpg
주식회사에스앤피인터내셔널 얼그레이,101551003,주식회사에스앤피인터내셔널_얼그레이_3.jpg
주식회사에스앤피인터내셔널 얼그레이,101551004,주식회사에스앤피인터내셔널_얼그레이_4.jpg
주식회사에스앤피인터내셔널 얼그레이,101551005,주식회사에스앤피인터내셔널_얼그레이_5.jpg
주식회사에스앤피인터내셔널 얼그레이,101551006,주식회사에스앤피인터내셔널_얼그레이_6.jpg
주식회사에스케이와이통상 프로바이오틱스 100억,101561001,주식회사에스케이와이통상_프로바이오틱스 100억_1.jpeg
주식회사에스케이와이통상 프로바이오틱스 100억,101561003,주식회사에스케이와이통상_프로바이오틱스 100억_3.jpeg
주식회사엘카라 오메가3맥시1100,101571001,주식회사엘카라_오메가3맥시1100_1.jpg
주식회사엘카라 오메가3맥시1100,101571010,주식회사엘카라_오메가3맥시1100_10.jpg
주식회사엘카라 오메가3맥시1100,101571002,주식회사엘카라_오메가3맥시1100_2.jpg
주식회사엘카라 오메가3맥시1100,101571003,주식회사엘카라_오메가3맥시1100_3.jpg
주식회사엘카라 오메가3맥시1100,101571004,주식회사엘카라_오메가3맥시1100_4.jpg
주식회사엘카라 오메가3맥시1100,101571005,주식회사엘카라_오메가3맥시1100_5.jpg
주식회사엘카라 오메가3맥시1100,101571006,주식회사엘카라_오메가3맥시1100_6.jpg
주식회사엘카라 오메가3맥시1100,101571007,주식회사엘카라_오메가3맥시1100_7.jpg
주식회사엘카라 오메가3맥시1100,101571008,주식회사엘카라_오메가3맥시1100_8.jpg
주식회사엘카라 오메가3맥시1100,101571009,주식회사엘카라_오메가3맥시1100_9.jpg
주식회사우리바다살림 반건조서대,101581001,주식회사우리바다살림_반건조서대_1.jpg
주식회사육화원에프앤디 오븐통닭,101591001,주식회사육화원에프앤디_오븐통닭_1.jpg
주식회사율곡 기름과장재래식콩된장,101601001,주식회사율곡_기름과장재래식콩된장_1.jpg
주식회사율곡 기름과장재래식콩된장,101601002,주식회사율곡_기름과장재래식콩된장_2.jpg
주식회사이목원 박가부대떡갈비맛구이,101611001,주식회사이목원_박가부대떡갈비맛구이_1.jpg
주식회사이어수산 디포리멸치국물팩,101621001,주식회사이어수산_디포리멸치국물팩_1.jpg
주식회사인코트레이딩 꼬베뗌빼끄리욱,101631001,주식회사인코트레이딩_꼬베뗌빼끄리욱_1.jpeg
주식회사인코트레이딩 꼬베뗌빼끄리욱,101631002,주식회사인코트레이딩_꼬베뗌빼끄리욱_2.jpeg
주식회사일신국제무역 얼그레이티,101641001,주식회사일신국제무역_얼그레이티_1.jpg
주식회사일신국제무역 얼그레이티,101641002,주식회사일신국제무역_얼그레이티_2.jpg
주식회사일신국제무역 얼그레이티,101641003,주식회사일신국제무역_얼그레이티_3.jpg
주식회사일신국제무역 얼그레이티,101641004,주식회사일신국제무역_얼그레이티_4.jpg
주식회사일신국제무역 얼그레이티,101641005,주식회사일신국제무역_얼그레이티_5.jpg
주식회사일신국제무역 얼그레이티,101641006,주식회사일신국제무역_얼그레이티_6.jpg
주식회사일신국제무역 얼그레이티,101641007,주식회사일신국제무역_얼그레이티_7.jpg
주식회사자연과사람들 더단백드링크초코,101651001,주식회사자연과사람들_더단백드링크초코_1.jpg
주식회사자연과사람들 더단백드링크초코,101651010,주식회사자연과사람들_더단백드링크초코_10.jpg
주식회사자연과사람들 더단백드링크초코,101651002,주식회사자연과사람들_더단백드링크초코_2.jpg
주식회사자연과사람들 더단백드링크초코,101651003,주식회사자연과사람들_더단백드링크초코_3.jpg
주식회사자연과사람들 더단백드링크초코,101651004,주식회사자연과사람들_더단백드링크초코_4.jpg
주식회사자연과사람들 더단백드링크초코,101651005,주식회사자연과사람들_더단백드링크초코_5.jpg
주식회사자연과사람들 더단백드링크초코,101651006,주식회사자연과사람들_더단백드링크초코_6.jpg
주식회사자연과사람들 더단백드링크초코,101651007,주식회사자연과사람들_더단백드링크초코_7.png
주식회사자연과사람들 더단백드링크초코,101651008,주식회사자연과사람들_더단백드링크초코_8.jpg
주식회사자연과사람들 더단백드링크초코,101651009,주식회사자연과사람들_더단백드링크초코_9.jpg
주식회사제이에스홀딩스팜 얼라이브신바이오틱스골드,101661001,주식회사제이에스홀딩스팜_얼라이브신바이오틱스골드_1.jpg
주식회사제이에스홀딩스팜 얼라이브신바이오틱스골드,101661002,주식회사제이에스홀딩스팜_얼라이브신바이오틱스골드_2.jpg
주식회사제이에스홀딩스팜 얼라이브신바이오틱스골드,101661003,주식회사제이에스홀딩스팜_얼라이브신바이오틱스골드_3.jpg
주식회사제이에스홀딩스팜 얼라이브신바이오틱스골드,101661004,주식회사제이에스홀딩스팜_얼라이브신바이오틱스골드_4.jpg
주식회사제이에스홀딩스팜 얼라이브신바이오틱스골드,101661005,주식회사제이에스홀딩스팜_얼라이브신바이오틱스골드_5.jpg
주식회사제이에스홀딩스팜 얼라이브신바이오틱스골드,101661006,주식회사제이에스홀딩스팜_얼라이브신바이오틱스골드_6.jpg
주식회사진성바이오지점 오레가노(홀),101671001,주식회사진성바이오지점_오레가노(홀)_1.jpg
주식회사진성바이오지점 오레가노(홀),101671002,주식회사진성바이오지점_오레가노(홀)_2.jpg
주식회사진성바이오지점 오레가노(홀),101671003,주식회사진성바이오지점_오레가노(홀)_3.jpg
주식회사진성바이오지점 오레가노(홀),101671004,주식회사진성바이오지점_오레가노(홀)_4.jpg
주식회사진성바이오지점 오레가노(홀),101671005,주식회사진성바이오지점_오레가노(홀)_5.jpg
주식회사참존비엔에프 참존석류7,101681001,주식회사참존비엔에프_참존석류7_1.jpg
주식회사참존비엔에프 참존석류7,101681002,주식회사참존비엔에프_참존석류7_2.jpg
주식회사참존비엔에프 참존석류7,101681003,주식회사참존비엔에프_참존석류7_3.png
주식회사참존비엔에프 참존석류7,101681004,주식회사참존비엔에프_참존석류7_4.jpg
주식회사참존비엔에프 참존석류7,101681005,주식회사참존비엔에프_참존석류7_5.jpg
주식회사청은에프엔비 계피가루,101691001,주식회사청은에프엔비_계피가루_1.jpg
주식회사청은에프엔비 계피가루,101691010,주식회사청은에프엔비_계피가루_10.jpg
주식회사청은에프엔비 계피가루,101691002,주식회사청은에프엔비_계피가루_2.jpg
주식회사청은에프엔비 계피가루,101691003,주식회사청은에프엔비_계피가루_3.jpg
주식회사청은에프엔비 계피가루,101691004,주식회사청은에프엔비_계피가루_4.jpg
주식회사청은에프엔비 계피가루,101691005,주식회사청은에프엔비_계피가루_5.jpg
주식회사청은에프엔비 계피가루,101691006,주식회사청은에프엔비_계피가루_6.png
주식회사청은에프엔비 계피가루,101691007,주식회사청은에프엔비_계피가루_7.jpg
주식회사청은에프엔비 계피가루,101691008,주식회사청은에프엔비_계피가루_8.jpg
주식회사청은에프엔비 계피가루,101691009,주식회사청은에프엔비_계피가루_9.jpg
주식회사코리아유통 쏸차이,101701001,주식회사코리아유통_쏸차이_1.jpg
주식회사코리아유통 쏸차이,101701002,주식회사코리아유통_쏸차이_2.jpg
주식회사코리아유통 쏸차이,101701003,주식회사코리아유통_쏸차이_3.jpg
주식회사코리아유통 쏸차이,101701004,주식회사코리아유통_쏸차이_4.jpg
주식회사코엔타이 라임쥬스맛음료,101711001,주식회사코엔타이_라임쥬스맛음료_1.jpg
주식회사코엔타이 라임쥬스맛음료,101711010,주식회사코엔타이_라임쥬스맛음료_10.jpg
주식회사코엔타이 라임쥬스맛음료,101711002,주식회사코엔타이_라임쥬스맛음료_2.jpg
주식회사코엔타이 라임쥬스맛음료,101711003,주식회사코엔타이_라임쥬스맛음료_3.jpg
주식회사코엔타이 라임쥬스맛음료,101711004,주식회사코엔타이_라임쥬스맛음료_4.jpg
주식회사코엔타이 라임쥬스맛음료,101711005,주식회사코엔타이_라임쥬스맛음료_5.jpg
주식회사코엔타이 라임쥬스맛음료,101711006,주식회사코엔타이_라임쥬스맛음료_6.jpg
주식회사코엔타이 라임쥬스맛음료,101711007,주식회사코엔타이_라임쥬스맛음료_7.png
주식회사코엔타이 라임쥬스맛음료,101711008,주식회사코엔타이_라임쥬스맛음료_8.jpg
주식회사코엔타이 라임쥬스맛음료,101711009,주식회사코엔타이_라임쥬스맛음료_9.jpg
주식회사펄세스 리퀴드비타민C,101721001,주식회사펄세스_리퀴드비타민C_1.jpg
주식회사펄세스 리퀴드비타민C,101721002,주식회사펄세스_리퀴드비타민C_2.jpg
주식회사펄세스 리퀴드비타민C,101721003,주식회사펄세스_리퀴드비타민C_3.jpg
주식회사펄세스 리퀴드비타민C,101721004,주식회사펄세스_리퀴드비타민C_4.png
주식회사펄세스 리퀴드비타민C,101721005,주식회사펄세스_리퀴드비타민C_5.jpg
주식회사펄세스 리퀴드비타민C,101721006,주식회사펄세스_리퀴드비타민C_6.jpg
주식회사펄세스 리퀴드비타민C,101721007,주식회사펄세스_리퀴드비타민C_7.jpg
주식회사프로게이너 브이쓰리,101731001,주식회사프로게이너_브이쓰리_1.jpg
주식회사프로게이너 브이쓰리,101731010,주식회사프로게이너_브이쓰리_10.jpg
주식회사프로게이너 브이쓰리,101731002,주식회사프로게이너_브이쓰리_2.jpg
주식회사프로게이너 브이쓰리,101731003,주식회사프로게이너_브이쓰리_3.jpg
주식회사프로게이너 브이쓰리,101731004,주식회사프로게이너_브이쓰리_4.jpg
주식회사프로게이너 브이쓰리,101731005,주식회사프로게이너_브이쓰리_5.jpg
주식회사프로게이너 브이쓰리,101731006,주식회사프로게이너_브이쓰리_6.jpg
주식회사프로게이너 브이쓰리,101731007,주식회사프로게이너_브이쓰리_7.jpg
주식회사프로게이너 브이쓰리,101731008,주식회사프로게이너_브이쓰리_8.jpg
주식회사프로게이너 브이쓰리,101731009,주식회사프로게이너_브이쓰리_9.jpg
주식회사한미양행 삼성 눈헬스케어,101741001,주식회사한미양행_삼성 눈헬스케어_1.jpeg
주식회사한미양행 삼성 눈헬스케어,101741002,주식회사한미양행_삼성 눈헬스케어_2.jpeg
주식회사한미양행 삼성 눈헬스케어,101741003,주식회사한미양행_삼성 눈헬스케어_3.jpeg
주식회사한미양행 삼성 눈헬스케어,101741004,주식회사한미양행_삼성 눈헬스케어_4.jpeg
주식회사한솔에프디 호박씨,101751001,주식회사한솔에프디_호박씨_1.jpg
주식회사한식품 개성참기름,101761001,주식회사한식품_개성참기름_1.jpg
주식회사한식품 개성참기름,101761002,주식회사한식품_개성참기름_2.jpg
주식회사한일팜스 치킨다리살스테이크,101771001,주식회사한일팜스_치킨다리살스테이크_1.jpg
주식회사해가원푸드 햇살나래볶음콩가루,101781001,주식회사해가원푸드_햇살나래볶음콩가루_1.jpg
주식회사해가원푸드 햇살나래볶음콩가루,101781002,주식회사해가원푸드_햇살나래볶음콩가루_2.jpg
주식회사해가원푸드 햇살나래볶음콩가루,101781003,주식회사해가원푸드_햇살나래볶음콩가루_3.jpg
주식회사해가원푸드 햇살나래볶음콩가루,101781004,주식회사해가원푸드_햇살나래볶음콩가루_4.jpg
주식회사해가원푸드 햇살나래볶음콩가루,101781005,주식회사해가원푸드_햇살나래볶음콩가루_5.jpg
주식회사해단지 해단지비빔양념장,101791001,주식회사해단지_해단지비빔양념장_1.jpg
주식회사해단지 해단지비빔양념장,101791002,주식회사해단지_해단지비빔양념장_2.jpg
주식회사헬스하우스 프리미엄루테인20MG,101801001,주식회사헬스하우스_프리미엄루테인20MG_1.jpg
주식회사헬스하우스 프리미엄루테인20MG,101801002,주식회사헬스하우스_프리미엄루테인20MG_2.jpg
주식회사헬스하우스 프리미엄루테인20MG,101801003,주식회사헬스하우스_프리미엄루테인20MG_3.jpg
지평농협가공공장 토움쌈장,101811001,지평농협가공공장_토움쌈장_1.jpg
진생영농조합법인 날콩가루,101821001,진생영농조합법인_날콩가루_1.jpg
진생영농조합법인 날콩가루,101821002,진생영농조합법인_날콩가루_2.jpg
참맛종합식품 창란젓,101831001,참맛종합식품_창란젓_1.jpg
참맛종합식품 창란젓,101831002,참맛종합식품_창란젓_2.jpg
참맛종합식품 창란젓,101831003,참맛종합식품_창란젓_3.jpg
참바다영어조합법인 401햄폭탄치즈부대찌개,101841001,참바다영어조합법인_401햄폭탄치즈부대찌개_1.jpg
참바다영어조합법인 401햄폭탄치즈부대찌개,101841010,참바다영어조합법인_401햄폭탄치즈부대찌개_10.jpg
참바다영어조합법인 401햄폭탄치즈부대찌개,101841002,참바다영어조합법인_401햄폭탄치즈부대찌개_2.jpg
참바다영어조합법인 401햄폭탄치즈부대찌개,101841003,참바다영어조합법인_401햄폭탄치즈부대찌개_3.jpg
참바다영어조합법인 401햄폭탄치즈부대찌개,101841004,참바다영어조합법인_401햄폭탄치즈부대찌개_4.jpg
참바다영어조합법인 401햄폭탄치즈부대찌개,101841005,참바다영어조합법인_401햄폭탄치즈부대찌개_5.jpg
참바다영어조합법인 401햄폭탄치즈부대찌개,101841006,참바다영어조합법인_401햄폭탄치즈부대찌개_6.jpg
참바다영어조합법인 401햄폭탄치즈부대찌개,101841007,참바다영어조합법인_401햄폭탄치즈부대찌개_7.jpg
참바다영어조합법인 401햄폭탄치즈부대찌개,101841008,참바다영어조합법인_401햄폭탄치즈부대찌개_8.jpg
참바다영어조합법인 401햄폭탄치즈부대찌개,101841009,참바다영어조합법인_401햄폭탄치즈부대찌개_9.png
청수생약 볶은맥문동분말,101851001,청수생약_볶은맥문동분말_1.jpeg
청수생약 볶은맥문동분말,101851002,청수생약_볶은맥문동분말_2.jpeg
초야식품 참이맛볶음콩가루,101861001,초야식품_참이맛볶음콩가루_6.jpeg
초야식품 참이맛볶음콩가루,101861001,초야식품_참이맛볶음콩가루_1.jpg
초야식품 참이맛볶음콩가루,101861005,초야식품_참이맛볶음콩가루_5.jpg
초야식품 참이맛볶음콩가루,101861002,초야식품_참이맛볶음콩가루_2.jpg
초야식품 참이맛볶음콩가루,101861003,초야식품_참이맛볶음콩가루_3.jpg
초야식품 참이맛볶음콩가루,101861004,초야식품_참이맛볶음콩가루_4.jpg
초정한우 초정한우암소사골육수,101871001,초정한우_초정한우암소사골육수_1.jpeg
초정한우 초정한우암소사골육수,101871002,초정한우_초정한우암소사골육수_2.jpeg
초정한우 초정한우암소사골육수,101871003,초정한우_초정한우암소사골육수_3.jpeg
초정한우 초정한우암소사골육수,101871004,초정한우_초정한우암소사골육수_4.jpeg
초정한우 초정한우암소사골육수,101871005,초정한우_초정한우암소사골육수_5.jpeg
케이씨무역 냉동번데기,101881001,케이씨무역_냉동번데기_1.jpeg
케이씨무역 냉동번데기,101881002,케이씨무역_냉동번데기_2.jpeg
케이씨무역 냉동번데기,101881003,케이씨무역_냉동번데기_3.jpeg
케이씨무역 냉동번데기,101881004,케이씨무역_냉동번데기_4.jpeg
케이씨무역 냉동번데기,101881005,케이씨무역_냉동번데기_5.jpeg
케이씨무역 냉동번데기,101881006,케이씨무역_냉동번데기_6.jpeg
크로비프 코코넛그릇,101891001,크로비프_코코넛그릇_1.jpg
큰들농업회사법인주식회사 9월의오미자,101901001,큰들농업회사법인주식회사_9월의오미자2_1.jpg
큰들농업회사법인주식회사 9월의오미자,101901002,큰들농업회사법인주식회사_9월의오미자_1.jpg
큰들농업회사법인주식회사 9월의오미자,101901003,큰들농업회사법인주식회사_9월의오미자_10.jpg
큰들농업회사법인주식회사 9월의오미자,101901004,큰들농업회사법인주식회사_9월의오미자_2.jpg
큰들농업회사법인주식회사 9월의오미자,101901005,큰들농업회사법인주식회사_9월의오미자_3.jpg
큰들농업회사법인주식회사 9월의오미자,101901006,큰들농업회사법인주식회사_9월의오미자_4.jpg
큰들농업회사법인주식회사 9월의오미자,101901007,큰들농업회사법인주식회사_9월의오미자_5.jpg
큰들농업회사법인주식회사 9월의오미자,101901008,큰들농업회사법인주식회사_9월의오미자_6.jpg
큰들농업회사법인주식회사 9월의오미자,101901009,큰들농업회사법인주식회사_9월의오미자_7.jpg
큰들농업회사법인주식회사 9월의오미자,101901010,큰들농업회사법인주식회사_9월의오미자_8.jpg
큰들농업회사법인주식회사 9월의오미자,101901011,큰들농업회사법인주식회사_9월의오미자_9.jpg
태원통상 라즈베리트위스트앤드링크,101911001,태원통상_라즈베리트위스트앤드링크_1.jpg
태원통상 라즈베리트위스트앤드링크,101911002,태원통상_라즈베리트위스트앤드링크_2.png
태원통상 라즈베리트위스트앤드링크,101911003,태원통상_라즈베리트위스트앤드링크_3.jpg
태원통상 라즈베리트위스트앤드링크,101911004,태원통상_라즈베리트위스트앤드링크_4.jpg
태원통상 라즈베리트위스트앤드링크,101911005,태원통상_라즈베리트위스트앤드링크_5.jpg
태원통상 라즈베리트위스트앤드링크,101911006,태원통상_라즈베리트위스트앤드링크_6.jpg
태원통상 라즈베리트위스트앤드링크,101911007,태원통상_라즈베리트위스트앤드링크_7.jpg
태원통상 라즈베리트위스트앤드링크,101911008,태원통상_라즈베리트위스트앤드링크_8.jpg
태원통상 블랙베리&블루베리트위스트앤드링크,101921001,태원통상_블랙베리&블루베리트위스트앤드링크_1.jpg
태원통상 블랙베리&블루베리트위스트앤드링크,101921002,태원통상_블랙베리&블루베리트위스트앤드링크_2.jpg
태원통상 블랙베리&블루베리트위스트앤드링크,101921003,태원통상_블랙베리&블루베리트위스트앤드링크_3.jpg
태원통상 블랙베리&블루베리트위스트앤드링크,101921004,태원통상_블랙베리&블루베리트위스트앤드링크_4.jpg
태원통상 오렌지트위스트앤드링크,101931001,태원통상_오렌지트위스트앤드링크_1.jpg
태원통상 오렌지트위스트앤드링크,101931002,태원통상_오렌지트위스트앤드링크_10.jpg
태원통상 오렌지트위스트앤드링크,101931003,태원통상_오렌지트위스트앤드링크_2.jpg
태원통상 오렌지트위스트앤드링크,101931004,태원통상_오렌지트위스트앤드링크_3.jpg
태원통상 오렌지트위스트앤드링크,101931005,태원통상_오렌지트위스트앤드링크_4.png
태원통상 오렌지트위스트앤드링크,101931006,태원통상_오렌지트위스트앤드링크_5.jpg
태원통상 오렌지트위스트앤드링크,101931007,태원통상_오렌지트위스트앤드링크_6.jpg
태원통상 오렌지트위스트앤드링크,101931008,태원통상_오렌지트위스트앤드링크_7.jpg
태원통상 오렌지트위스트앤드링크,101931009,태원통상_오렌지트위스트앤드링크_8.jpg
태원통상 오렌지트위스트앤드링크,101931010,태원통상_오렌지트위스트앤드링크_9.jpg
통라이프(TongLife) 프로바이오틱스생유산균,101941001,통라이프(TongLife)_프로바이오틱스생유산균_1.jpeg
통라이프(TongLife) 프로바이오틱스생유산균,101941002,통라이프(TongLife)_프로바이오틱스생유산균_2.jpeg
통라이프(TongLife) 프로바이오틱스생유산균,101941003,통라이프(TongLife)_프로바이오틱스생유산균_3.jpg
통라이프(TongLife) 프로바이오틱스생유산균,101941004,통라이프(TongLife)_프로바이오틱스생유산균_4.jpeg
티케이 발효피쉬소스,101951001,티케이_발효피쉬소스_1.jpeg
티케이 발효피쉬소스,101951002,티케이_발효피쉬소스_2.jpeg
티케이 발효피쉬소스,101951003,티케이_발효피쉬소스_3.jpeg
티케이 발효피쉬소스,101951004,티케이_발효피쉬소스_4.jpeg
티케이 발효피쉬소스,101951005,티케이_발효피쉬소스_5.jpeg
푸른산참농원 진짜로달콤한사과즙,101961001,푸른산참농원_진짜로달콤한사과즙_1.jpg
푸른산참농원 진짜로달콤한사과즙,101961002,푸른산참농원_진짜로달콤한사과즙_10.jpg
푸른산참농원 진짜로달콤한사과즙,101961003,푸른산참농원_진짜로달콤한사과즙_2.jpg
푸른산참농원 진짜로달콤한사과즙,101961004,푸른산참농원_진짜로달콤한사과즙_3.jpg
푸른산참농원 진짜로달콤한사과즙,101961005,푸른산참농원_진짜로달콤한사과즙_4.jpg
푸른산참농원 진짜로달콤한사과즙,101961006,푸른산참농원_진짜로달콤한사과즙_5.jpg
푸른산참농원 진짜로달콤한사과즙,101961007,푸른산참농원_진짜로달콤한사과즙_6.jpg
푸른산참농원 진짜로달콤한사과즙,101961008,푸른산참농원_진짜로달콤한사과즙_8.jpg
푸른산참농원 진짜로달콤한사과즙,101961009,푸른산참농원_진짜로달콤한사과즙_9.jpg
퓨어영(Pure young) 여주가루,101971001,퓨어영(Pure young)_여주가루_1.jpeg
퓨어영(Pure young) 여주가루,101971002,퓨어영(Pure young)_여주가루_2.jpeg
퓨어영(Pure young) 여주가루,101971004,퓨어영(Pure young)_여주가루_4.jpeg
학교법인건국대학교건국유업건국햄 장앤미아사이베리,101981001,학교법인건국대학교건국유업건국햄_장앤미아사이베리_1.jpg
학교법인건국대학교건국유업건국햄 장앤미아사이베리,101981002,학교법인건국대학교건국유업건국햄_장앤미아사이베리_10.jpg
학교법인건국대학교건국유업건국햄 장앤미아사이베리,101981003,학교법인건국대학교건국유업건국햄_장앤미아사이베리_2.jpg
학교법인건국대학교건국유업건국햄 장앤미아사이베리,101981004,학교법인건국대학교건국유업건국햄_장앤미아사이베리_3.png
학교법인건국대학교건국유업건국햄 장앤미아사이베리,101981005,학교법인건국대학교건국유업건국햄_장앤미아사이베리_4.png
학교법인건국대학교건국유업건국햄 장앤미아사이베리,101981006,학교법인건국대학교건국유업건국햄_장앤미아사이베리_5.jpg
학교법인건국대학교건국유업건국햄 장앤미아사이베리,101981007,학교법인건국대학교건국유업건국햄_장앤미아사이베리_6.jpg
학교법인건국대학교건국유업건국햄 장앤미아사이베리,101981008,학교법인건국대학교건국유업건국햄_장앤미아사이베리_7.png
학교법인건국대학교건국유업건국햄 장앤미아사이베리,101981009,학교법인건국대학교건국유업건국햄_장앤미아사이베리_8.jpg
학교법인건국대학교건국유업건국햄 장앤미아사이베리,101981010,학교법인건국대학교건국유업건국햄_장앤미아사이베리_9.jpg
한국바이오젠(주)  글리신,101991002,한국바이오젠(주)_ 글리신_2.png
한국바이오젠(주) 타우린,102001002,한국바이오젠(주)_타우린_2.jpg
한국바이오팜(주) 웰러스다이어트CLA,102011001,한국바이오팜(주)_웰러스다이어트CLA_1.jpeg
한국바이오팜(주) 웰러스다이어트CLA,102011002,한국바이오팜(주)_웰러스다이어트CLA_2.jpeg
한국바이오팜(주) 웰러스다이어트CLA,102011003,한국바이오팜(주)_웰러스다이어트CLA_3.jpeg
한국바이오팜(주) 웰러스다이어트CLA,102011004,한국바이오팜(주)_웰러스다이어트CLA_4.jpeg
한국바이오팜(주) 웰러스다이어트CLA,102011005,한국바이오팜(주)_웰러스다이어트CLA_5.jpg
한국씨엔에스팜 밸런스다이어트,102021001,한국씨엔에스팜_밸런스다이어트_1.jpeg
한국씨엔에스팜 밸런스다이어트,102021002,한국씨엔에스팜_밸런스다이어트_2.jpeg
한국씨엔에스팜 밸런스다이어트,102021003,한국씨엔에스팜_밸런스다이어트_3.jpeg
한국피엘에이(주) 돈가스용기,102031001,한국피엘에이(주)_돈가스용기_1.jpeg
한국피엘에이(주) 돈가스용기,102031002,한국피엘에이(주)_돈가스용기_2.jpeg
한국피엘에이(주) 돈가스용기,102031003,한국피엘에이(주)_돈가스용기_3.jpeg
한국피엘에이(주) 돈가스용기,102031004,한국피엘에이(주)_돈가스용기_4.jpeg
한국피엘에이(주) 돈가스용기,102031005,한국피엘에이(주)_돈가스용기_5.jpeg
한양KF 의정부 한양부대찌개,102041001,한양KF_의정부 한양부대찌개_1.jpeg
한양전통식품 식혜,102051001,한양전통식품_식혜_1.jpg
한양전통식품 식혜,102051010,한양전통식품_식혜_10.jpg
한양전통식품 식혜,102051002,한양전통식품_식혜_2.jpg
한양전통식품 식혜,102051003,한양전통식품_식혜_3.jpg
한양전통식품 식혜,102051004,한양전통식품_식혜_4.jpg
한양전통식품 식혜,102051005,한양전통식품_식혜_5.jpg
한양전통식품 식혜,102051006,한양전통식품_식혜_6.jpg
한양전통식품 식혜,102051007,한양전통식품_식혜_7.png
한양전통식품 식혜,102051008,한양전통식품_식혜_8.jpg
한양전통식품 식혜,102051009,한양전통식품_식혜_9.jpg
할랄푸드스 쇠고기스튜,102061001,할랄푸드스_쇠고기스튜_1.jpg
해청식품주식회사 쥐치포,102071001,해청식품주식회사_쥐치포_1.jpg
효성인터내셔널주식회사 델리썬소프트플라워또띠아,102081001,효성인터내셔널주식회사_델리썬소프트플라워또띠아_1.jpg
효성인터내셔널주식회사 델리썬소프트플라워또띠아,102081002,효성인터내셔널주식회사_델리썬소프트플라워또띠아_10.jpg
효성인터내셔널주식회사 델리썬소프트플라워또띠아,102081003,효성인터내셔널주식회사_델리썬소프트플라워또띠아_2.jpg
효성인터내셔널주식회사 델리썬소프트플라워또띠아,102081004,효성인터내셔널주식회사_델리썬소프트플라워또띠아_3.jpg
효성인터내셔널주식회사 델리썬소프트플라워또띠아,102081005,효성인터내셔널주식회사_델리썬소프트플라워또띠아_4.jpg
효성인터내셔널주식회사 델리썬소프트플라워또띠아,102081006,효성인터내셔널주식회사_델리썬소프트플라워또띠아_5.jpg
효성인터내셔널주식회사 델리썬소프트플라워또띠아,102081007,효성인터내셔널주식회사_델리썬소프트플라워또띠아_6.jpg
효성인터내셔널주식회사 델리썬소프트플라워또띠아,102081008,효성인터내셔널주식회사_델리썬소프트플라워또띠아_7.jpg
효성인터내셔널주식회사 델리썬소프트플라워또띠아,102081009,효성인터내셔널주식회사_델리썬소프트플라워또띠아_8.jpg
효성인터내셔널주식회사 델리썬소프트플라워또띠아,102081010,효성인터내셔널주식회사_델리썬소프트플라워또띠아_9.png
